listing_datetime,buy_price,quantity,listings,sell_price
2013-12-11 00:00:00 UTC,48294,64,0,64347
2013-12-12 00:00:00 UTC,179361,513,1,217432
2013-12-13 00:00:00 UTC,132891,716,1,151080
2013-12-14 00:00:00 UTC,116378,953,1,132913
2013-12-15 00:00:00 UTC,117247,989,1,129771
2013-12-16 00:00:00 UTC,114547,973,1,124002
2013-12-17 00:00:00 UTC,101716,922,1,110561
2013-12-18 00:00:00 UTC,95174,946,1,104672
2013-12-19 00:00:00 UTC,92293,1072,1,98998
2013-12-20 00:00:00 UTC,92191,1198,1,98508
2013-12-21 00:00:00 UTC,97773,1145,1,105910
2013-12-22 00:00:00 UTC,103435,1109,1,111104
2013-12-23 00:00:00 UTC,106075,1017,1,113664
2013-12-24 00:00:00 UTC,111592,999,1,119091
2013-12-25 00:00:00 UTC,111675,934,1,119251
2013-12-26 00:00:00 UTC,120622,1061,1,127958
2013-12-27 00:00:00 UTC,123711,1034,1,129512
2013-12-28 00:00:00 UTC,122170,1013,1,129316
2013-12-29 00:00:00 UTC,124277,1073,1,130887
2013-12-30 00:00:00 UTC,125704,1049,1,133771
2013-12-31 00:00:00 UTC,124675,977,1,130257
2014-01-01 00:00:00 UTC,123620,904,1,130164
2014-01-02 00:00:00 UTC,126474,922,1,134524
2014-01-03 00:00:00 UTC,135483,988,1,145570
2014-01-04 00:00:00 UTC,137241,937,1,146161
2014-01-05 00:00:00 UTC,140686,955,1,150550
2014-01-06 00:00:00 UTC,136420,965,1,146635
2014-01-07 00:00:00 UTC,135554,910,1,142924
2014-01-08 00:00:00 UTC,133077,844,1,141658
2014-01-09 00:00:00 UTC,131440,910,1,138349
2014-01-10 00:00:00 UTC,135148,898,1,141509
2014-01-11 00:00:00 UTC,131261,835,1,140559
2014-01-12 00:00:00 UTC,132019,886,1,139166
2014-01-13 00:00:00 UTC,132496,906,1,140010
2014-01-14 00:00:00 UTC,128514,856,1,135791
2014-01-15 00:00:00 UTC,130075,863,1,137927
2014-01-16 00:00:00 UTC,129065,843,1,137388
2014-01-17 00:00:00 UTC,128360,871,1,135335
2014-01-18 00:00:00 UTC,130161,905,1,135652
2014-01-19 00:00:00 UTC,125934,864,1,134102
2014-01-20 00:00:00 UTC,125990,895,1,136133
2014-01-21 00:00:00 UTC,124266,933,1,132470
2014-01-22 00:00:00 UTC,119197,923,1,127968
2014-01-23 00:00:00 UTC,114291,949,1,125488
2014-01-24 00:00:00 UTC,117465,999,1,127740
2014-01-25 00:00:00 UTC,115987,964,1,126959
2014-01-26 00:00:00 UTC,121021,1066,1,129650
2014-01-27 00:00:00 UTC,123661,1116,1,131280
2014-01-28 00:00:00 UTC,123322,1084,1,132552
2014-01-29 00:00:00 UTC,125380,1081,1,134123
2014-01-30 00:00:00 UTC,127807,1037,1,136162
2014-01-31 00:00:00 UTC,129575,1034,1,139338
2014-02-01 00:00:00 UTC,131411,904,1,140696
2014-02-02 00:00:00 UTC,133032,939,1,142943
2014-02-03 00:00:00 UTC,137591,913,1,146733
2014-02-04 00:00:00 UTC,139828,962,1,148381
2014-02-05 00:00:00 UTC,137278,882,1,146963
2014-02-06 00:00:00 UTC,134834,887,1,146409
2014-02-07 00:00:00 UTC,138698,1156,1,148044
2014-02-08 00:00:00 UTC,141421,1144,1,149939
2014-02-09 00:00:00 UTC,142411,1141,1,151174
2014-02-10 00:00:00 UTC,138882,1137,1,149112
2014-02-11 00:00:00 UTC,141453,1155,1,155121
2014-02-12 00:00:00 UTC,143691,1185,1,152739
2014-02-13 00:00:00 UTC,141151,1147,1,149199
2014-02-14 00:00:00 UTC,135197,1112,1,149416
2014-02-15 00:00:00 UTC,137020,1205,1,150651
2014-02-16 00:00:00 UTC,141937,824,1,153874
2014-02-17 00:00:00 UTC,141209,810,1,151642
2014-02-18 00:00:00 UTC,140968,753,1,150267
2014-02-19 00:00:00 UTC,139223,953,1,146961
2014-02-20 00:00:00 UTC,131330,1368,1,142557
2014-02-21 00:00:00 UTC,124621,1403,1,141477
2014-02-22 00:00:00 UTC,123787,1407,1,137151
2014-02-23 00:00:00 UTC,122763,1404,1,137360
2014-02-24 00:00:00 UTC,121174,1414,1,132802
2014-02-25 00:00:00 UTC,116674,1369,1,126889
2014-02-26 00:00:00 UTC,114077,1385,1,125442
2014-02-27 00:00:00 UTC,112616,1335,1,124557
2014-02-28 00:00:00 UTC,107975,1339,1,120787
2014-03-01 00:00:00 UTC,110866,1412,1,120745
2014-03-02 00:00:00 UTC,111232,1428,1,122595
2014-03-03 00:00:00 UTC,114059,1434,1,123916
2014-03-04 00:00:00 UTC,112409,1426,1,122119
2014-03-05 00:00:00 UTC,109757,1254,1,121962
2014-03-06 00:00:00 UTC,111389,1329,1,126242
2014-03-07 00:00:00 UTC,113224,1352,1,125699
2014-03-08 00:00:00 UTC,116208,1320,1,128622
2014-03-09 00:00:00 UTC,119983,1324,1,132159
2014-03-10 00:00:00 UTC,118220,1312,1,127855
2014-03-11 00:00:00 UTC,118932,1340,1,129825
2014-03-12 00:00:00 UTC,118078,1323,1,126411
2014-03-13 00:00:00 UTC,116006,1259,1,128181
2014-03-14 00:00:00 UTC,118651,1255,1,127729
2014-03-15 00:00:00 UTC,118184,1283,1,127564
2014-03-16 00:00:00 UTC,120174,1336,1,129620
2014-03-17 00:00:00 UTC,122580,1360,1,130742
2014-03-18 00:00:00 UTC,123264,1348,1,131470
2014-03-19 00:00:00 UTC,119910,1306,1,128327
2014-03-20 00:00:00 UTC,121080,1307,1,130806
2014-03-21 00:00:00 UTC,121011,1286,1,130649
2014-03-22 00:00:00 UTC,123212,1323,1,132406
2014-03-23 00:00:00 UTC,125365,1354,1,133571
2014-03-24 00:00:00 UTC,127058,1362,1,135382
2014-03-25 00:00:00 UTC,127254,1343,1,134065
2014-03-26 00:00:00 UTC,123497,1304,1,130751
2014-03-27 00:00:00 UTC,122922,1303,1,131277
2014-03-28 00:00:00 UTC,121615,1300,1,132598
2014-03-29 00:00:00 UTC,118796,1488,1,131471
2014-03-30 00:00:00 UTC,120213,1566,1,130175
2014-03-31 00:00:00 UTC,120949,1557,1,131788
2014-04-01 00:00:00 UTC,121858,1558,1,131355
2014-04-02 00:00:00 UTC,121345,1526,1,132289
2014-04-03 00:00:00 UTC,123728,1581,1,135330
2014-04-04 00:00:00 UTC,124801,1615,1,136580
2014-04-05 00:00:00 UTC,128217,1498,1,138905
2014-04-06 00:00:00 UTC,128949,1344,1,139441
2014-04-07 00:00:00 UTC,129017,1369,1,136703
2014-04-08 00:00:00 UTC,125481,1415,1,134305
2014-04-09 00:00:00 UTC,126397,1449,1,135285
2014-04-10 00:00:00 UTC,127625,1429,1,134703
2014-04-13 00:00:00 UTC,128061,1432,1,137099
2014-04-14 00:00:00 UTC,117641,1409,1,131428
2014-04-15 00:00:00 UTC,123624,1556,1,134788
2014-04-16 00:00:00 UTC,120653,1314,1,130715
2014-04-17 00:00:00 UTC,127640,1275,1,140910
2014-04-18 00:00:00 UTC,131712,1272,1,141269
2014-04-19 00:00:00 UTC,128668,1229,1,140306
2014-04-20 00:00:00 UTC,128977,1229,1,137442
2014-04-21 00:00:00 UTC,127424,1251,1,136598
2014-04-22 00:00:00 UTC,125984,1206,1,133190
2014-04-23 00:00:00 UTC,122247,1168,1,132603
2014-04-24 00:00:00 UTC,122256,1176,1,132075
2014-04-25 00:00:00 UTC,122268,1158,1,133354
2014-04-26 00:00:00 UTC,121345,1131,1,131809
2014-04-27 00:00:00 UTC,123201,1156,1,134220
2014-04-28 00:00:00 UTC,121915,1141,1,131946
2014-04-29 00:00:00 UTC,119671,1172,1,130128
2014-04-30 00:00:00 UTC,116406,1156,1,128611
2014-05-01 00:00:00 UTC,116945,1171,1,126644
2014-05-02 00:00:00 UTC,116147,1165,1,130562
2014-05-03 00:00:00 UTC,126322,1217,1,134537
2014-05-04 00:00:00 UTC,122729,1201,1,136628
2014-05-05 00:00:00 UTC,124800,1260,1,133770
2014-05-06 00:00:00 UTC,123655,1205,1,133883
2014-05-07 00:00:00 UTC,126270,1208,1,135740
2014-05-08 00:00:00 UTC,125949,1201,1,135621
2014-05-09 00:00:00 UTC,125391,1219,1,136846
2014-05-10 00:00:00 UTC,125236,1189,1,133000
2014-05-11 00:00:00 UTC,122925,1171,1,134209
2014-05-12 00:00:00 UTC,123644,1190,1,132543
2014-05-13 00:00:00 UTC,121303,1171,1,130773
2014-05-14 00:00:00 UTC,119674,1202,1,130359
2014-05-15 00:00:00 UTC,120800,1236,1,130067
2014-05-16 00:00:00 UTC,124275,1243,1,131629
2014-05-17 00:00:00 UTC,122313,1229,1,130625
2014-05-18 00:00:00 UTC,121567,1214,1,131210
2014-05-19 00:00:00 UTC,123483,1237,1,131194
2014-05-20 00:00:00 UTC,123289,1237,1,131513
2014-05-21 00:00:00 UTC,120709,1200,1,131091
2014-05-22 00:00:00 UTC,117829,1160,1,129715
2014-05-23 00:00:00 UTC,120012,1201,1,130245
2014-05-24 00:00:00 UTC,119520,1193,1,131525
2014-05-25 00:00:00 UTC,122075,1243,1,131266
2014-05-26 00:00:00 UTC,123119,1241,1,132946
2014-05-27 00:00:00 UTC,121716,1286,1,132639
2014-05-28 00:00:00 UTC,123595,1319,1,132017
2014-05-29 00:00:00 UTC,124619,1274,1,132692
2014-05-30 00:00:00 UTC,125744,1501,1,137785
2014-05-31 00:00:00 UTC,128284,1931,1,139669
2014-06-01 00:00:00 UTC,125356,1321,1,136987
2014-06-02 00:00:00 UTC,126508,1334,1,137084
2014-06-03 00:00:00 UTC,126806,1355,1,136343
2014-06-04 00:00:00 UTC,128628,1358,1,137463
2014-06-05 00:00:00 UTC,134572,1637,1,146215
2014-06-06 00:00:00 UTC,139361,1651,1,150200
2014-06-07 00:00:00 UTC,135864,1566,1,148132
2014-06-08 00:00:00 UTC,135564,1539,1,145803
2014-06-09 00:00:00 UTC,135533,1351,1,147967
2014-06-10 00:00:00 UTC,135969,1354,1,145940
2014-06-11 00:00:00 UTC,127977,1369,1,141086
2014-06-12 00:00:00 UTC,135019,1515,1,144919
2014-06-13 00:00:00 UTC,131179,1596,1,143489
2014-06-14 00:00:00 UTC,133315,1616,1,142565
2014-06-15 00:00:00 UTC,132309,1634,1,143569
2014-06-16 00:00:00 UTC,136605,1660,1,144146
2014-06-17 00:00:00 UTC,137683,1652,1,144433
2014-06-18 00:00:00 UTC,134432,1592,1,143103
2014-06-19 00:00:00 UTC,137029,1726,1,146065
2014-06-20 00:00:00 UTC,138366,1751,1,147723
2014-06-21 00:00:00 UTC,138800,1699,1,146213
2014-06-22 00:00:00 UTC,141095,1743,1,150220
2014-06-23 00:00:00 UTC,141749,1712,1,148608
2014-06-24 00:00:00 UTC,142828,1662,1,151268
2014-06-25 00:00:00 UTC,140570,1650,1,149508
2014-06-26 00:00:00 UTC,140577,1675,1,149872
2014-06-27 00:00:00 UTC,138558,1653,1,148351
2014-06-28 00:00:00 UTC,136066,1582,1,146900
2014-06-29 00:00:00 UTC,131968,1597,1,146811
2014-06-30 00:00:00 UTC,136648,1678,1,147185
2014-07-01 00:00:00 UTC,140812,1527,1,150107
2014-07-02 00:00:00 UTC,139911,1462,1,152153
2014-07-03 00:00:00 UTC,139048,1506,1,151994
2014-07-04 00:00:00 UTC,141896,1542,1,152327
2014-07-05 00:00:00 UTC,143095,1558,1,154221
2014-07-06 00:00:00 UTC,140882,1535,1,154178
2014-07-07 00:00:00 UTC,141210,1547,1,151953
2014-07-08 00:00:00 UTC,141504,1553,1,151633
2014-07-09 00:00:00 UTC,139798,1555,1,148712
2014-07-10 00:00:00 UTC,141744,1551,1,150711
2014-07-11 00:00:00 UTC,138017,1538,1,147850
2014-07-12 00:00:00 UTC,138452,1583,1,148815
2014-07-13 00:00:00 UTC,141327,1524,1,150002
2014-07-14 00:00:00 UTC,142137,1415,1,151018
2014-07-15 00:00:00 UTC,142268,1430,1,150247
2014-07-16 00:00:00 UTC,140664,1445,1,149998
2014-07-17 00:00:00 UTC,140858,1477,1,149950
2014-07-18 00:00:00 UTC,141824,1478,1,149715
2014-07-19 00:00:00 UTC,140290,1459,1,149202
2014-07-20 00:00:00 UTC,138404,1363,1,149537
2014-07-21 00:00:00 UTC,139277,1387,1,149736
2014-07-22 00:00:00 UTC,141635,1383,1,150719
2014-07-23 00:00:00 UTC,139383,1371,1,146591
2014-07-24 00:00:00 UTC,140334,1418,1,148483
2014-07-25 00:00:00 UTC,141449,1434,1,148809
2014-07-26 00:00:00 UTC,140976,1375,1,149744
2014-07-27 00:00:00 UTC,139873,1384,1,148959
2014-07-28 00:00:00 UTC,138705,1456,1,148877
2014-07-29 00:00:00 UTC,140235,1489,1,148685
2014-07-30 00:00:00 UTC,140229,1513,1,147920
2014-07-31 00:00:00 UTC,141714,1645,1,149898
2014-08-01 00:00:00 UTC,140038,1753,1,149535
2014-08-02 00:00:00 UTC,140565,1753,1,149361
2014-08-03 00:00:00 UTC,140318,1724,1,150666
2014-08-04 00:00:00 UTC,139349,1763,1,147780
2014-08-06 00:00:00 UTC,136038,1685,1,148412
2014-08-07 00:00:00 UTC,141057,1721,1,150081
2014-08-08 00:00:00 UTC,142040,1736,1,150480
2014-08-09 00:00:00 UTC,143088,1765,1,150401
2014-08-10 00:00:00 UTC,141432,1720,1,149379
2014-08-11 00:00:00 UTC,141035,1691,1,150486
2014-08-12 00:00:00 UTC,141200,1678,1,149486
2014-08-13 00:00:00 UTC,138092,1674,1,150058
2014-08-14 00:00:00 UTC,132657,1663,1,147734
2014-08-15 00:00:00 UTC,135728,1692,1,146391
2014-08-16 00:00:00 UTC,137415,1688,1,146125
2014-08-17 00:00:00 UTC,138743,1746,1,147475
2014-08-18 00:00:00 UTC,140365,1783,1,147477
2014-08-19 00:00:00 UTC,137319,1672,1,144989
2014-08-20 00:00:00 UTC,132487,1609,1,143229
2014-08-21 00:00:00 UTC,130275,1647,1,142160
2014-08-22 00:00:00 UTC,130930,1615,1,140959
2014-08-23 00:00:00 UTC,131216,1621,1,140365
2014-08-24 00:00:00 UTC,127520,1580,1,138314
2014-08-25 00:00:00 UTC,130936,1608,1,140989
2014-08-26 00:00:00 UTC,130501,1601,1,140446
2014-08-27 00:00:00 UTC,130360,1354,1,140526
2014-08-28 00:00:00 UTC,131776,1339,1,139572
2014-08-29 00:00:00 UTC,131277,1338,1,140884
2014-08-30 00:00:00 UTC,133277,1307,1,142708
2014-08-31 00:00:00 UTC,129617,1323,1,141549
2014-09-01 00:00:00 UTC,129100,1348,1,142616
2014-09-02 00:00:00 UTC,124257,1336,1,138852
2014-09-03 00:00:00 UTC,133749,1433,1,142879
2014-09-04 00:00:00 UTC,135200,1401,1,143203
2014-09-05 00:00:00 UTC,134191,1426,1,144071
2014-09-06 00:00:00 UTC,136876,1527,1,144994
2014-09-07 00:00:00 UTC,137660,1584,1,145933
2014-09-08 00:00:00 UTC,135206,1720,1,145128
2014-09-09 00:00:00 UTC,136830,1680,1,144984
2014-09-10 00:00:00 UTC,138797,1710,43,147267
2014-09-11 00:00:00 UTC,131155,1683,237,165155
2014-09-12 00:00:00 UTC,103062,1703,232,167114
2014-09-13 00:00:00 UTC,152740,1618,224,164820
2014-09-14 00:00:00 UTC,154045,1606,228,164473
2014-09-15 00:00:00 UTC,152157,1582,230,166101
2014-09-16 00:00:00 UTC,157010,1602,240,168972
2014-09-17 00:00:00 UTC,156307,1592,235,167630
2014-09-18 00:00:00 UTC,159451,1646,255,168690
2014-09-19 00:00:00 UTC,160181,1614,254,168893
2014-09-20 00:00:00 UTC,160048,1548,229,169477
2014-09-21 00:00:00 UTC,162310,1575,230,170265
2014-09-22 00:00:00 UTC,167256,1595,233,177400
2014-09-23 00:00:00 UTC,163919,1544,219,175143
2014-09-24 00:00:00 UTC,161464,1538,219,172935
2014-09-25 00:00:00 UTC,163890,1531,213,174540
2014-09-26 00:00:00 UTC,163055,1564,219,174707
2014-09-27 00:00:00 UTC,163647,1528,212,173064
2014-09-28 00:00:00 UTC,168150,1594,221,177123
2014-09-29 00:00:00 UTC,168891,1567,218,179232
2014-09-30 00:00:00 UTC,168563,1551,213,178835
2014-10-01 00:00:00 UTC,160680,1543,208,176395
2014-10-02 00:00:00 UTC,160008,1552,211,170790
2014-10-03 00:00:00 UTC,163448,1550,213,173623
2014-10-04 00:00:00 UTC,162928,1571,212,176259
2014-10-05 00:00:00 UTC,165763,1572,218,177242
2014-10-06 00:00:00 UTC,166792,1628,222,178672
2014-10-07 00:00:00 UTC,169338,1552,217,176068
2014-10-08 00:00:00 UTC,169334,1547,219,178643
2014-10-09 00:00:00 UTC,162678,1521,210,173428
2014-10-10 00:00:00 UTC,162059,1565,214,174902
2014-10-11 00:00:00 UTC,161985,1577,221,174034
2014-10-12 00:00:00 UTC,164953,1533,215,176646
2014-10-13 00:00:00 UTC,161080,1542,212,173538
2014-10-14 00:00:00 UTC,160760,1527,212,175938
2014-10-15 00:00:00 UTC,162215,1580,220,171662
2014-10-16 00:00:00 UTC,160633,1525,209,173133
2014-10-17 00:00:00 UTC,160634,1514,207,173495
2014-10-18 00:00:00 UTC,161485,1511,206,172113
2014-10-19 00:00:00 UTC,160933,1783,215,172595
2014-10-20 00:00:00 UTC,161888,2072,224,173024
2014-10-21 00:00:00 UTC,160555,1980,199,172964
2014-10-22 00:00:00 UTC,157653,1957,193,172672
2014-10-23 00:00:00 UTC,153570,1900,182,169695
2014-10-24 00:00:00 UTC,154423,1874,178,169064
2014-10-25 00:00:00 UTC,148285,1881,173,167200
2014-10-27 00:00:00 UTC,153235,1799,178,168829
2014-10-28 00:00:00 UTC,151796,1679,186,167490
2014-10-29 00:00:00 UTC,153109,1679,188,170348
2014-10-30 00:00:00 UTC,152978,1672,191,168161
2014-10-31 00:00:00 UTC,155562,1659,191,167032
2014-11-01 00:00:00 UTC,155358,1649,183,167297
2014-11-02 00:00:00 UTC,156426,1723,193,171060
2014-11-03 00:00:00 UTC,162195,1776,204,173066
2014-11-04 00:00:00 UTC,161847,1738,191,173242
2014-11-05 00:00:00 UTC,159353,1763,191,171812
2014-11-06 00:00:00 UTC,161154,1749,192,173418
2014-11-07 00:00:00 UTC,159821,1705,183,171805
2014-11-08 00:00:00 UTC,160124,1720,190,174930
2014-11-09 00:00:00 UTC,159508,1723,189,171372
2014-11-10 00:00:00 UTC,158574,1747,199,170989
2014-11-11 00:00:00 UTC,159447,1727,204,172594
2014-11-12 00:00:00 UTC,152997,1654,185,170686
2014-11-13 00:00:00 UTC,156365,1764,199,170209
2014-11-14 00:00:00 UTC,158116,1722,192,170286
2014-11-15 00:00:00 UTC,160241,1728,200,169557
2014-11-16 00:00:00 UTC,158950,1729,194,171370
2014-11-17 00:00:00 UTC,159187,1786,201,170073
2014-11-18 00:00:00 UTC,156925,1708,193,167768
2014-11-19 00:00:00 UTC,151387,1631,180,166002
2014-11-20 00:00:00 UTC,155463,1643,190,167673
2014-11-21 00:00:00 UTC,154198,1630,189,163134
2014-11-22 00:00:00 UTC,142682,1581,175,161918
2014-11-23 00:00:00 UTC,149518,1626,191,162800
2014-11-24 00:00:00 UTC,151755,1611,180,164101
2014-11-25 00:00:00 UTC,147831,1605,176,158855
2014-11-26 00:00:00 UTC,147957,1606,179,162662
2014-11-27 00:00:00 UTC,141340,1568,173,157077
2014-11-28 00:00:00 UTC,142482,1670,179,160990
2014-11-29 00:00:00 UTC,144083,1677,178,159029
2014-11-30 00:00:00 UTC,142727,1629,185,158863
2014-12-01 00:00:00 UTC,145867,1514,186,159122
2014-12-02 00:00:00 UTC,142891,1384,182,160167
2014-12-03 00:00:00 UTC,140607,1407,182,159356
2014-12-04 00:00:00 UTC,144680,1438,189,160089
2014-12-05 00:00:00 UTC,143591,1390,181,160414
2014-12-06 00:00:00 UTC,143579,1361,174,159515
2014-12-07 00:00:00 UTC,148531,1352,173,160456
2014-12-08 00:00:00 UTC,147341,1379,177,160980
2014-12-09 00:00:00 UTC,146075,1438,187,159832
2014-12-10 00:00:00 UTC,148694,1426,186,159657
2014-12-11 00:00:00 UTC,144718,1409,181,160275
2014-12-12 00:00:00 UTC,145116,1450,193,157565
2014-12-13 00:00:00 UTC,145073,1400,186,156916
2014-12-14 00:00:00 UTC,142778,1353,176,158011
2014-12-15 00:00:00 UTC,141104,1420,177,155455
2014-12-16 00:00:00 UTC,143684,1415,179,156796
2014-12-17 00:00:00 UTC,140541,1464,178,154092
2014-12-18 00:00:00 UTC,139703,1341,171,152603
2014-12-19 00:00:00 UTC,135841,1377,178,150055
2014-12-20 00:00:00 UTC,134174,1360,168,147567
2014-12-21 00:00:00 UTC,134386,1370,170,148880
2014-12-22 00:00:00 UTC,133230,1404,175,145793
2014-12-23 00:00:00 UTC,130942,1434,177,142996
2014-12-24 00:00:00 UTC,137206,1412,178,148751
2014-12-25 00:00:00 UTC,132582,1389,175,146883
2014-12-26 00:00:00 UTC,137563,1435,180,148194
2014-12-27 00:00:00 UTC,133399,1405,171,147635
2014-12-28 00:00:00 UTC,135135,1443,171,149269
2014-12-29 00:00:00 UTC,135961,1501,175,148563
2014-12-30 00:00:00 UTC,134341,1489,178,150307
2014-12-31 00:00:00 UTC,134867,2765,197,146246
2015-01-01 00:00:00 UTC,133438,2040,189,146681
2015-01-02 00:00:00 UTC,128907,1800,178,145147
2015-01-03 00:00:00 UTC,129718,1932,186,145134
2015-01-04 00:00:00 UTC,129170,1936,195,146076
2015-01-05 00:00:00 UTC,128516,1908,187,144731
2015-01-06 00:00:00 UTC,131202,1948,190,143046
2015-01-07 00:00:00 UTC,133143,1929,194,144887
2015-01-08 00:00:00 UTC,125951,1878,181,140023
2015-01-09 00:00:00 UTC,130179,1896,184,142271
2015-01-10 00:00:00 UTC,126627,1880,183,140494
2015-01-11 00:00:00 UTC,127581,1943,196,140571
2015-01-12 00:00:00 UTC,129665,1973,201,139866
2015-01-13 00:00:00 UTC,126728,1994,197,139011
2015-01-14 00:00:00 UTC,122496,1949,186,138925
2015-01-15 00:00:00 UTC,125323,1984,197,139257
2015-01-16 00:00:00 UTC,127175,1893,193,139182
2015-01-17 00:00:00 UTC,122109,1894,186,138639
2015-01-18 00:00:00 UTC,125114,1897,192,138585
2015-01-19 00:00:00 UTC,127302,1897,200,139350
2015-01-20 00:00:00 UTC,128318,1941,204,138237
2015-01-21 00:00:00 UTC,129381,1933,202,139822
2015-01-22 00:00:00 UTC,125058,1861,190,136794
2015-01-23 00:00:00 UTC,119071,1878,190,135418
2015-01-24 00:00:00 UTC,117275,1869,192,131002
2015-01-25 00:00:00 UTC,122366,1883,195,135618
2015-01-26 00:00:00 UTC,126025,1879,200,138206
2015-01-27 00:00:00 UTC,125045,1866,198,135559
2015-01-28 00:00:00 UTC,121941,1798,189,135526
2015-01-29 00:00:00 UTC,122978,1809,190,135901
2015-01-30 00:00:00 UTC,122416,1846,195,135714
2015-01-31 00:00:00 UTC,119738,1815,189,135316
2015-02-01 00:00:00 UTC,123127,1917,198,136312
2015-02-02 00:00:00 UTC,125748,1898,204,135746
2015-02-03 00:00:00 UTC,128303,1882,210,135864
2015-02-04 00:00:00 UTC,125769,1846,201,135895
2015-02-05 00:00:00 UTC,122819,1821,197,134628
2015-02-06 00:00:00 UTC,121658,1922,206,132967
2015-02-07 00:00:00 UTC,125298,1905,213,133924
2015-02-08 00:00:00 UTC,127492,1943,214,135366
2015-02-09 00:00:00 UTC,127047,1913,211,136059
2015-02-10 00:00:00 UTC,126127,1919,208,133159
2015-02-11 00:00:00 UTC,124647,1927,210,132955
2015-02-12 00:00:00 UTC,117224,1806,191,131145
2015-02-13 00:00:00 UTC,116042,1826,194,133197
2015-02-14 00:00:00 UTC,122084,1854,202,133435
2015-02-15 00:00:00 UTC,122945,1897,206,134110
2015-02-16 00:00:00 UTC,120769,1935,207,132178
2015-02-17 00:00:00 UTC,124265,1961,218,133383
2015-02-18 00:00:00 UTC,123077,1971,218,135195
2015-02-19 00:00:00 UTC,124761,1936,215,135302
2015-02-20 00:00:00 UTC,120943,1908,209,133537
2015-02-21 00:00:00 UTC,125481,1853,221,134680
2015-02-22 00:00:00 UTC,125084,1841,213,134157
2015-02-23 00:00:00 UTC,127750,1873,220,135981
2015-02-24 00:00:00 UTC,126435,1859,211,136281
2015-02-25 00:00:00 UTC,126861,1879,214,136774
2015-02-26 00:00:00 UTC,127037,1853,211,136108
2015-02-27 00:00:00 UTC,127865,1833,211,137997
2015-02-28 00:00:00 UTC,125452,1814,206,137382
2015-03-01 00:00:00 UTC,128627,1861,216,138988
2015-03-02 00:00:00 UTC,130072,1879,217,140158
2015-03-03 00:00:00 UTC,128821,1846,213,138074
2015-03-04 00:00:00 UTC,124940,1784,199,134493
2015-03-05 00:00:00 UTC,120505,1879,200,136650
2015-03-06 00:00:00 UTC,127608,1843,204,136639
2015-03-07 00:00:00 UTC,126364,1820,202,135824
2015-03-08 00:00:00 UTC,126457,1940,211,137578
2015-03-09 00:00:00 UTC,128896,1919,216,137797
2015-03-10 00:00:00 UTC,129055,1863,213,137947
2015-03-11 00:00:00 UTC,128086,1801,200,136649
2015-03-12 00:00:00 UTC,127977,1823,205,137005
2015-03-13 00:00:00 UTC,126838,1832,198,137505
2015-03-14 00:00:00 UTC,128266,1892,209,137623
2015-03-15 00:00:00 UTC,126318,1880,203,137723
2015-03-16 00:00:00 UTC,127687,2022,206,139531
2015-03-17 00:00:00 UTC,129969,1906,207,138418
2015-03-18 00:00:00 UTC,129119,1850,199,138528
2015-03-19 00:00:00 UTC,125401,1819,189,136246
2015-03-20 00:00:00 UTC,123410,1794,191,136782
2015-03-21 00:00:00 UTC,124251,1819,196,136157
2015-03-22 00:00:00 UTC,125248,1891,210,135745
2015-03-23 00:00:00 UTC,127614,1803,205,136943
2015-03-24 00:00:00 UTC,124094,1692,191,136278
2015-03-25 00:00:00 UTC,123268,1677,189,133011
2015-03-26 00:00:00 UTC,122293,1662,187,134166
2015-03-27 00:00:00 UTC,121799,1670,188,134521
2015-03-28 00:00:00 UTC,122785,1696,183,135487
2015-03-29 00:00:00 UTC,125334,1702,188,136624
2015-03-30 00:00:00 UTC,126564,1762,194,136471
2015-03-31 00:00:00 UTC,125677,1727,193,136709
2015-04-01 00:00:00 UTC,127132,1745,194,136604
2015-04-02 00:00:00 UTC,126248,1802,188,136182
2015-04-03 00:00:00 UTC,128345,1844,197,136552
2015-04-04 00:00:00 UTC,127374,1821,193,138314
2015-04-05 00:00:00 UTC,128708,1837,196,138188
2015-04-06 00:00:00 UTC,128017,1802,194,136694
2015-04-07 00:00:00 UTC,126425,1789,188,135783
2015-04-08 00:00:00 UTC,125590,1752,179,133939
2015-04-09 00:00:00 UTC,126394,1765,183,136225
2015-04-10 00:00:00 UTC,126018,1815,185,134790
2015-04-11 00:00:00 UTC,126031,1826,189,136108
2015-04-12 00:00:00 UTC,125908,1811,187,136188
2015-04-13 00:00:00 UTC,125330,1732,182,137190
2015-04-14 00:00:00 UTC,125413,1821,187,135114
2015-04-15 00:00:00 UTC,125195,1751,190,135477
2015-04-16 00:00:00 UTC,124862,1720,181,135651
2015-04-17 00:00:00 UTC,125334,1792,187,136155
2015-04-18 00:00:00 UTC,126932,1833,196,137769
2015-04-19 00:00:00 UTC,129378,1810,200,137987
2015-04-20 00:00:00 UTC,128907,1769,194,137733
2015-04-21 00:00:00 UTC,125888,1775,191,137193
2015-04-22 00:00:00 UTC,125236,1739,184,137645
2015-04-23 00:00:00 UTC,125921,1754,189,137119
2015-04-24 00:00:00 UTC,125950,1756,189,135624
2015-04-25 00:00:00 UTC,127215,1768,193,135515
2015-04-26 00:00:00 UTC,128299,1810,202,137875
2015-04-27 00:00:00 UTC,127569,1790,201,136713
2015-04-28 00:00:00 UTC,127849,1802,191,137617
2015-04-29 00:00:00 UTC,127842,1886,203,137843
2015-04-30 00:00:00 UTC,126281,1851,196,136485
2015-05-01 00:00:00 UTC,128312,1917,220,137530
2015-05-02 00:00:00 UTC,128015,1930,211,138409
2015-05-03 00:00:00 UTC,127812,1963,211,138529
2015-05-04 00:00:00 UTC,129457,2022,220,138356
2015-05-05 00:00:00 UTC,129491,2025,224,136779
2015-05-06 00:00:00 UTC,130167,2040,225,137859
2015-05-07 00:00:00 UTC,129952,2005,215,138071
2015-05-08 00:00:00 UTC,126971,1927,205,137274
2015-05-09 00:00:00 UTC,128376,1814,199,138153
2015-05-10 00:00:00 UTC,127222,1780,196,138208
2015-05-11 00:00:00 UTC,128862,1856,204,138169
2015-05-12 00:00:00 UTC,126961,1825,198,135851
2015-05-13 00:00:00 UTC,124633,1814,193,136675
2015-05-14 00:00:00 UTC,126229,1993,194,136788
2015-05-15 00:00:00 UTC,128756,2026,199,138532
2015-05-16 00:00:00 UTC,125178,1808,188,137750
2015-05-17 00:00:00 UTC,127073,1920,191,137169
2015-05-18 00:00:00 UTC,128228,1846,190,137686
2015-05-19 00:00:00 UTC,127792,1874,191,137795
2015-05-20 00:00:00 UTC,126688,1874,186,138059
2015-05-21 00:00:00 UTC,129459,1996,190,137177
2015-05-22 00:00:00 UTC,129453,1982,192,136922
2015-05-23 00:00:00 UTC,129283,1848,188,138639
2015-05-24 00:00:00 UTC,130041,1860,189,138990
2015-05-25 00:00:00 UTC,130053,1855,188,138574
2015-05-26 00:00:00 UTC,129132,1821,182,138489
2015-05-27 00:00:00 UTC,126520,1914,180,137493
2015-05-28 00:00:00 UTC,125850,1817,177,137735
2015-05-29 00:00:00 UTC,123829,1855,180,136710
2015-05-30 00:00:00 UTC,127185,1973,201,138690
2015-05-31 00:00:00 UTC,127546,1972,201,138629
2015-06-01 00:00:00 UTC,130157,2032,208,138553
2015-06-02 00:00:00 UTC,130812,2108,206,139572
2015-06-03 00:00:00 UTC,130818,2045,203,137854
2015-06-04 00:00:00 UTC,130417,1951,198,139245
2015-06-05 00:00:00 UTC,131206,1938,201,139987
2015-06-06 00:00:00 UTC,129849,1942,196,140586
2015-06-07 00:00:00 UTC,130824,2068,210,139845
2015-06-08 00:00:00 UTC,134652,2115,214,141800
2015-06-09 00:00:00 UTC,135812,2124,213,144101
2015-06-10 00:00:00 UTC,133330,2065,205,142192
2015-06-11 00:00:00 UTC,132495,2019,205,142915
2015-06-12 00:00:00 UTC,133638,2011,207,143300
2015-06-13 00:00:00 UTC,132833,2031,207,142634
2015-06-14 00:00:00 UTC,134645,1971,202,142453
2015-06-15 00:00:00 UTC,131523,1923,192,140689
2015-06-16 00:00:00 UTC,133343,1967,200,141989
2015-06-17 00:00:00 UTC,136305,2007,207,146708
2015-06-18 00:00:00 UTC,153025,2216,230,163892
2015-06-19 00:00:00 UTC,151918,2086,219,161967
2015-06-20 00:00:00 UTC,150057,2029,210,161081
2015-06-21 00:00:00 UTC,138979,1904,205,152210
2015-06-22 00:00:00 UTC,139575,1953,207,150485
2015-06-23 00:00:00 UTC,139029,1911,195,149239
2015-06-24 00:00:00 UTC,133021,1833,183,146238
2015-06-25 00:00:00 UTC,126513,1807,182,146086
2015-06-26 00:00:00 UTC,133859,1934,209,145547
2015-06-27 00:00:00 UTC,133589,1906,196,146113
2015-06-28 00:00:00 UTC,135696,1953,199,149058
2015-06-29 00:00:00 UTC,139227,2042,209,150386
2015-06-30 00:00:00 UTC,139970,2092,213,152504
2015-07-01 00:00:00 UTC,140053,2071,206,149824
2015-07-02 00:00:00 UTC,138058,2078,207,148148
2015-07-03 00:00:00 UTC,139207,2097,210,148657
2015-07-04 00:00:00 UTC,136741,2047,206,149135
2015-07-05 00:00:00 UTC,140359,2094,215,149975
2015-07-06 00:00:00 UTC,138901,2243,201,149221
2015-07-07 00:00:00 UTC,136429,2275,198,146669
2015-07-08 00:00:00 UTC,138075,2264,201,146704
2015-07-09 00:00:00 UTC,134570,2184,191,148629
2015-07-10 00:00:00 UTC,133131,2190,190,147694
2015-07-11 00:00:00 UTC,133721,2205,200,147190
2015-07-12 00:00:00 UTC,137171,2284,209,145011
2015-07-13 00:00:00 UTC,136767,2224,199,147347
2015-07-14 00:00:00 UTC,135227,2176,194,146521
2015-07-15 00:00:00 UTC,131912,2107,188,145900
2015-07-16 00:00:00 UTC,131107,2086,190,145473
2015-07-17 00:00:00 UTC,130326,2226,199,143624
2015-07-18 00:00:00 UTC,131959,2200,206,142729
2015-07-19 00:00:00 UTC,129857,2144,196,139738
2015-07-20 00:00:00 UTC,131875,2162,197,142093
2015-07-21 00:00:00 UTC,130642,2228,204,142027
2015-07-22 00:00:00 UTC,132205,2232,208,142980
2015-07-23 00:00:00 UTC,131989,2255,216,142107
2015-07-24 00:00:00 UTC,134309,2281,214,142089
2015-07-25 00:00:00 UTC,132460,2230,205,141600
2015-07-26 00:00:00 UTC,132773,2259,209,141212
2015-07-27 00:00:00 UTC,132426,2273,214,141527
2015-07-28 00:00:00 UTC,129750,2122,194,139637
2015-07-29 00:00:00 UTC,131903,2187,202,140252
2015-07-30 00:00:00 UTC,129092,2163,197,139505
2015-07-31 00:00:00 UTC,130230,2185,202,138660
2015-08-01 00:00:00 UTC,129703,2128,195,138832
2015-08-02 00:00:00 UTC,131130,2164,199,140681
2015-08-03 00:00:00 UTC,133241,2224,206,142451
2015-08-04 00:00:00 UTC,130766,2275,201,141543
2015-08-05 00:00:00 UTC,132149,2266,206,141774
2015-08-06 00:00:00 UTC,133290,2379,219,141853
2015-08-07 00:00:00 UTC,133832,2434,210,142173
2015-08-08 00:00:00 UTC,133662,2441,211,143355
2015-08-09 00:00:00 UTC,133758,2419,212,141782
2015-08-10 00:00:00 UTC,133324,2328,210,141415
2015-08-11 00:00:00 UTC,132012,2341,208,141604
2015-08-12 00:00:00 UTC,131733,2294,203,140019
2015-08-13 00:00:00 UTC,129545,2209,201,140860
2015-08-14 00:00:00 UTC,133983,2290,214,143428
2015-08-15 00:00:00 UTC,132957,2223,206,141855
2015-08-16 00:00:00 UTC,134715,2239,213,142681
2015-08-17 00:00:00 UTC,132463,2273,213,140696
2015-08-18 00:00:00 UTC,133200,2278,213,143173
2015-08-19 00:00:00 UTC,130543,2201,197,140013
2015-08-20 00:00:00 UTC,131691,2247,203,140529
2015-08-21 00:00:00 UTC,132041,2249,207,142048
2015-08-22 00:00:00 UTC,131752,2220,201,142000
2015-08-23 00:00:00 UTC,133148,2308,207,141355
2015-08-24 00:00:00 UTC,132238,2250,199,142787
2015-08-25 00:00:00 UTC,132327,2289,206,142425
2015-08-26 00:00:00 UTC,130310,2211,199,139727
2015-08-27 00:00:00 UTC,124312,2072,186,137837
2015-08-28 00:00:00 UTC,119146,2087,188,134210
2015-08-29 00:00:00 UTC,125792,2097,188,138293
2015-08-30 00:00:00 UTC,129592,2128,198,140390
2015-08-31 00:00:00 UTC,128637,2126,194,140154
2015-09-01 00:00:00 UTC,133621,2317,216,141971
2015-09-02 00:00:00 UTC,136347,2287,208,142757
2015-09-03 00:00:00 UTC,136946,2284,207,144500
2015-09-04 00:00:00 UTC,137833,2277,204,144493
2015-09-05 00:00:00 UTC,139171,2438,215,149686
2015-09-06 00:00:00 UTC,139063,2344,206,145938
2015-09-07 00:00:00 UTC,138488,2366,212,147874
2015-09-08 00:00:00 UTC,140070,2420,216,149412
2015-09-09 00:00:00 UTC,138693,2463,213,148042
2015-09-10 00:00:00 UTC,137940,2547,216,150638
2015-09-11 00:00:00 UTC,139770,2635,217,151234
2015-09-12 00:00:00 UTC,139609,2716,221,148315
2015-09-13 00:00:00 UTC,140706,2776,227,152998
2015-09-14 00:00:00 UTC,140428,2802,230,157379
2015-09-15 00:00:00 UTC,144403,2829,227,156208
2015-09-16 00:00:00 UTC,142344,2765,221,157206
2015-09-17 00:00:00 UTC,142928,2791,222,155385
2015-09-18 00:00:00 UTC,144049,2796,220,153521
2015-09-19 00:00:00 UTC,147226,2708,220,156571
2015-09-20 00:00:00 UTC,146598,2713,230,156233
2015-09-21 00:00:00 UTC,144713,2579,211,152503
2015-09-22 00:00:00 UTC,145139,2533,215,156655
2015-09-23 00:00:00 UTC,142238,2455,208,152973
2015-09-24 00:00:00 UTC,142349,2473,208,154076
2015-09-25 00:00:00 UTC,142241,2359,204,152873
2015-09-26 00:00:00 UTC,142170,2380,208,152810
2015-09-27 00:00:00 UTC,144097,2303,205,154593
2015-09-28 00:00:00 UTC,144047,2271,206,153015
2015-09-29 00:00:00 UTC,142719,2364,216,156461
2015-09-30 00:00:00 UTC,142961,2287,211,153445
2015-10-01 00:00:00 UTC,143801,2191,201,156230
2015-10-02 00:00:00 UTC,147605,2272,214,162460
2015-10-03 00:00:00 UTC,146775,2298,222,165532
2015-10-04 00:00:00 UTC,147518,2279,215,165703
2015-10-05 00:00:00 UTC,152996,2358,225,167443
2015-10-06 00:00:00 UTC,158381,2452,230,171959
2015-10-07 00:00:00 UTC,168486,2368,232,183014
2015-10-08 00:00:00 UTC,168339,2291,234,180276
2015-10-09 00:00:00 UTC,168218,2354,238,179546
2015-10-10 00:00:00 UTC,168219,2251,235,180170
2015-10-11 00:00:00 UTC,169543,2333,250,177712
2015-10-12 00:00:00 UTC,170348,2403,241,179383
2015-10-13 00:00:00 UTC,169946,2417,241,180208
2015-10-14 00:00:00 UTC,167986,2326,230,177779
2015-10-15 00:00:00 UTC,162998,2355,227,177371
2015-10-16 00:00:00 UTC,165972,2312,224,177719
2015-10-17 00:00:00 UTC,166365,2294,224,177097
2015-10-18 00:00:00 UTC,168771,2413,238,178913
2015-10-19 00:00:00 UTC,171549,2441,235,179363
2015-10-20 00:00:00 UTC,169387,2258,225,180510
2015-10-21 00:00:00 UTC,167478,2224,220,180209
2015-10-22 00:00:00 UTC,167179,2226,221,180959
2015-10-23 00:00:00 UTC,167485,2179,224,178657
2015-10-24 00:00:00 UTC,141439,1997,192,168175
2015-10-26 00:00:00 UTC,136468,2002,193,152972
2015-10-27 00:00:00 UTC,126277,2044,192,145788
2015-10-28 00:00:00 UTC,125748,2037,197,139424
2015-10-29 00:00:00 UTC,119466,1984,197,137762
2015-10-30 00:00:00 UTC,120472,1871,205,135805
2015-10-31 00:00:00 UTC,124051,1901,209,139134
2015-11-01 00:00:00 UTC,128476,1994,223,140768
2015-11-02 00:00:00 UTC,132397,1973,217,146106
2015-11-03 00:00:00 UTC,131911,1934,211,143292
2015-11-04 00:00:00 UTC,130550,1809,195,141806
2015-11-05 00:00:00 UTC,129396,1801,193,139293
2015-11-06 00:00:00 UTC,124307,1871,202,136257
2015-11-07 00:00:00 UTC,125374,1900,203,138557
2015-11-08 00:00:00 UTC,123222,1848,196,132151
2015-11-09 00:00:00 UTC,128989,1883,200,136168
2015-11-10 00:00:00 UTC,118973,1850,181,132981
2015-11-11 00:00:00 UTC,122833,1920,187,135874
2015-11-12 00:00:00 UTC,123509,1988,199,137191
2015-11-13 00:00:00 UTC,124269,1978,198,133675
2015-11-14 00:00:00 UTC,121453,1816,173,131528
2015-11-15 00:00:00 UTC,121137,1807,171,131181
2015-11-16 00:00:00 UTC,127329,1897,186,135908
2015-11-17 00:00:00 UTC,123493,1844,177,134541
2015-11-18 00:00:00 UTC,123225,1830,174,134652
2015-11-19 00:00:00 UTC,126974,1953,192,143090
2015-11-20 00:00:00 UTC,131767,2021,198,142913
2015-11-21 00:00:00 UTC,131603,2028,198,141401
2015-11-22 00:00:00 UTC,132995,2042,196,141387
2015-11-23 00:00:00 UTC,135457,2058,196,144844
2015-11-24 00:00:00 UTC,134375,2139,208,143480
2015-11-25 00:00:00 UTC,131150,2043,195,139222
2015-11-26 00:00:00 UTC,126981,1932,179,137696
2015-11-27 00:00:00 UTC,123362,1921,181,133155
2015-11-28 00:00:00 UTC,123249,1912,180,133211
2015-11-29 00:00:00 UTC,123270,1921,183,135748
2015-11-30 00:00:00 UTC,127475,1932,185,137390
2015-12-01 00:00:00 UTC,125345,1883,180,135793
2015-12-02 00:00:00 UTC,121762,1867,178,133372
2015-12-03 00:00:00 UTC,120937,1878,177,133003
2015-12-04 00:00:00 UTC,121100,1893,181,132088
2015-12-05 00:00:00 UTC,122350,1900,181,132050
2015-12-06 00:00:00 UTC,121035,1913,180,132961
2015-12-07 00:00:00 UTC,120827,1890,176,132813
2015-12-08 00:00:00 UTC,119761,1871,181,128316
2015-12-09 00:00:00 UTC,117437,1838,172,126917
2015-12-10 00:00:00 UTC,112589,1934,179,126712
2015-12-11 00:00:00 UTC,115896,1992,186,126515
2015-12-12 00:00:00 UTC,116292,2042,190,124577
2015-12-13 00:00:00 UTC,115143,1991,186,125919
2015-12-14 00:00:00 UTC,116339,1994,196,125108
2015-12-15 00:00:00 UTC,118007,1968,194,122620
2015-12-16 00:00:00 UTC,109160,1836,182,112873
2015-12-17 00:00:00 UTC,93552,1906,185,107554
2015-12-18 00:00:00 UTC,98299,1880,184,107253
2015-12-19 00:00:00 UTC,94736,1792,177,110377
2015-12-20 00:00:00 UTC,98927,1834,190,110314
2015-12-21 00:00:00 UTC,100799,1863,200,112244
2015-12-22 00:00:00 UTC,100465,1845,197,110582
2015-12-23 00:00:00 UTC,99905,1820,192,111970
2015-12-24 00:00:00 UTC,103769,1875,196,110650
2015-12-25 00:00:00 UTC,105130,1975,202,117190
2015-12-26 00:00:00 UTC,108702,1941,200,116138
2015-12-27 00:00:00 UTC,109158,1897,194,117151
2015-12-28 00:00:00 UTC,107606,1880,189,116639
2015-12-29 00:00:00 UTC,108131,1925,202,118887
2015-12-30 00:00:00 UTC,116182,2099,207,122235
2015-12-31 00:00:00 UTC,118039,2068,199,123014
2016-01-01 00:00:00 UTC,110221,1926,200,119669
2016-01-02 00:00:00 UTC,110277,1955,207,119199
2016-01-03 00:00:00 UTC,109335,1980,204,117345
2016-01-04 00:00:00 UTC,108818,1876,188,119333
2016-01-05 00:00:00 UTC,105962,1836,183,116720
2016-01-06 00:00:00 UTC,107034,1823,185,114685
2016-01-07 00:00:00 UTC,105334,1797,184,116292
2016-01-08 00:00:00 UTC,101016,1786,179,115679
2016-01-09 00:00:00 UTC,107732,1910,191,115282
2016-01-10 00:00:00 UTC,108141,2129,197,117041
2016-01-11 00:00:00 UTC,109027,2130,202,118972
2016-01-12 00:00:00 UTC,109353,2070,191,115271
2016-01-13 00:00:00 UTC,109161,1930,186,117632
2016-01-14 00:00:00 UTC,109396,1845,188,117758
2016-01-15 00:00:00 UTC,108840,1877,192,118705
2016-01-16 00:00:00 UTC,105769,1893,183,115586
2016-01-17 00:00:00 UTC,105102,1916,186,121407
2016-01-18 00:00:00 UTC,109651,1950,194,120467
2016-01-19 00:00:00 UTC,111291,2019,202,120387
2016-01-20 00:00:00 UTC,106042,1960,185,115527
2016-01-21 00:00:00 UTC,101468,1833,178,116898
2016-01-22 00:00:00 UTC,102660,1878,187,114600
2016-01-23 00:00:00 UTC,104633,1942,194,112195
2016-01-24 00:00:00 UTC,102623,1869,187,112914
2016-01-25 00:00:00 UTC,106938,1916,191,120435
2016-01-26 00:00:00 UTC,107533,1930,195,120654
2016-01-27 00:00:00 UTC,109527,1956,202,121067
2016-01-28 00:00:00 UTC,109222,1947,194,117337
2016-01-29 00:00:00 UTC,104841,1926,188,113426
2016-01-30 00:00:00 UTC,101343,1857,180,111454
2016-01-31 00:00:00 UTC,103251,1913,188,116131
2016-02-01 00:00:00 UTC,101999,1897,185,116322
2016-02-02 00:00:00 UTC,104562,1926,188,118083
2016-02-03 00:00:00 UTC,104903,1881,188,118033
2016-02-04 00:00:00 UTC,106011,1967,206,114859
2016-02-05 00:00:00 UTC,95887,1910,178,106770
2016-02-06 00:00:00 UTC,99131,1959,184,108858
2016-02-07 00:00:00 UTC,103493,2088,207,114068
2016-02-08 00:00:00 UTC,106801,2101,213,114655
2016-02-09 00:00:00 UTC,107204,2104,203,114065
2016-02-10 00:00:00 UTC,103608,1897,184,111525
2016-02-11 00:00:00 UTC,98709,1922,179,105383
2016-02-12 00:00:00 UTC,100618,1962,190,113875
2016-02-13 00:00:00 UTC,103301,1921,189,115058
2016-02-14 00:00:00 UTC,103569,1953,189,112268
2016-02-15 00:00:00 UTC,103761,2088,204,112126
2016-02-16 00:00:00 UTC,102018,2001,194,111829
2016-02-17 00:00:00 UTC,102245,1981,188,109535
2016-02-18 00:00:00 UTC,102935,2087,195,111515
2016-02-19 00:00:00 UTC,102624,2114,195,111015
2016-02-20 00:00:00 UTC,102858,2128,192,109674
2016-02-21 00:00:00 UTC,102846,2025,187,113838
2016-02-22 00:00:00 UTC,105659,2095,196,115469
2016-02-23 00:00:00 UTC,103128,1938,185,111157
2016-02-24 00:00:00 UTC,101641,1959,188,109898
2016-02-25 00:00:00 UTC,98783,1877,178,109973
2016-02-26 00:00:00 UTC,98405,1944,179,108549
2016-02-27 00:00:00 UTC,99005,1951,180,108472
2016-02-28 00:00:00 UTC,98825,2002,182,109034
2016-02-29 00:00:00 UTC,102321,2101,186,108649
2016-03-01 00:00:00 UTC,99387,2220,194,109342
2016-03-02 00:00:00 UTC,100725,2253,199,109276
2016-03-03 00:00:00 UTC,100452,2256,198,110461
2016-03-04 00:00:00 UTC,100436,2359,199,109248
2016-03-05 00:00:00 UTC,100424,2314,201,105443
2016-03-06 00:00:00 UTC,102171,2270,207,110530
2016-03-07 00:00:00 UTC,101209,2232,202,109817
2016-03-08 00:00:00 UTC,101541,2115,192,110264
2016-03-09 00:00:00 UTC,99477,2047,187,107442
2016-03-10 00:00:00 UTC,91957,2235,203,103463
2016-03-11 00:00:00 UTC,99304,2070,194,108103
2016-03-12 00:00:00 UTC,93846,1928,181,108284
2016-03-13 00:00:00 UTC,101484,2033,197,111132
2016-03-14 00:00:00 UTC,100491,1998,186,110043
2016-03-15 00:00:00 UTC,98124,2106,187,108459
2016-03-16 00:00:00 UTC,100712,2200,195,110023
2016-03-17 00:00:00 UTC,99749,2214,195,110468
2016-03-18 00:00:00 UTC,100351,2308,204,109683
2016-03-19 00:00:00 UTC,100402,2276,201,109419
2016-03-20 00:00:00 UTC,100807,2252,196,110380
2016-03-21 00:00:00 UTC,100372,2335,199,111513
2016-03-22 00:00:00 UTC,102148,2288,197,111210
2016-03-23 00:00:00 UTC,102433,2313,200,110883
2016-03-24 00:00:00 UTC,104201,2542,209,113509
2016-03-25 00:00:00 UTC,101706,2578,208,115092
2016-03-26 00:00:00 UTC,104322,2676,223,113780
2016-03-27 00:00:00 UTC,103968,2706,221,112219
2016-03-28 00:00:00 UTC,104857,2763,214,114269
2016-03-29 00:00:00 UTC,107285,2867,217,114954
2016-03-30 00:00:00 UTC,107291,2769,213,119374
2016-03-31 00:00:00 UTC,105102,2607,206,119820
2016-04-01 00:00:00 UTC,105621,2444,202,119430
2016-04-02 00:00:00 UTC,105922,2408,205,122250
2016-04-03 00:00:00 UTC,105749,2401,211,117279
2016-04-04 00:00:00 UTC,102898,2354,199,113290
2016-04-05 00:00:00 UTC,102418,2303,197,112806
2016-04-06 00:00:00 UTC,101549,2262,193,111950
2016-04-07 00:00:00 UTC,100459,2127,187,108969
2016-04-08 00:00:00 UTC,100587,2032,185,107382
2016-04-09 00:00:00 UTC,99783,2069,187,107831
2016-04-10 00:00:00 UTC,93759,2006,179,104930
2016-04-11 00:00:00 UTC,96794,2166,196,112469
2016-04-12 00:00:00 UTC,101417,2293,204,113254
2016-04-13 00:00:00 UTC,101817,2231,195,113512
2016-04-14 00:00:00 UTC,99998,2115,190,111204
2016-04-15 00:00:00 UTC,100176,2190,201,111860
2016-04-16 00:00:00 UTC,103980,2294,208,113275
2016-04-17 00:00:00 UTC,103357,2235,205,114713
2016-04-18 00:00:00 UTC,104068,2246,206,112566
2016-04-19 00:00:00 UTC,103361,2189,199,112257
2016-04-20 00:00:00 UTC,102720,2177,200,117418
2016-04-21 00:00:00 UTC,80479,1993,184,93332
2016-04-22 00:00:00 UTC,83726,2100,191,90408
2016-04-23 00:00:00 UTC,85831,2043,190,97441
2016-04-24 00:00:00 UTC,84240,2003,186,96089
2016-04-25 00:00:00 UTC,82286,2056,186,95278
2016-04-26 00:00:00 UTC,87577,2179,195,99372
2016-04-27 00:00:00 UTC,88241,2220,201,101163
2016-04-28 00:00:00 UTC,89422,2274,196,102274
2016-04-29 00:00:00 UTC,88083,2238,195,97394
2016-04-30 00:00:00 UTC,86678,2046,183,102955
2016-05-01 00:00:00 UTC,86024,2143,193,99593
2016-05-02 00:00:00 UTC,87412,2178,196,100498
2016-05-03 00:00:00 UTC,88047,2414,215,101032
2016-05-04 00:00:00 UTC,90578,2667,225,102043
2016-05-05 00:00:00 UTC,91334,2451,205,101638
2016-05-06 00:00:00 UTC,94286,2405,207,104850
2016-05-07 00:00:00 UTC,89793,2363,199,100113
2016-05-08 00:00:00 UTC,91605,2348,200,105121
2016-05-09 00:00:00 UTC,89918,2156,190,99314
2016-05-10 00:00:00 UTC,86901,2067,186,97334
2016-05-11 00:00:00 UTC,87992,2180,188,99358
2016-05-12 00:00:00 UTC,89353,2482,198,100022
2016-05-13 00:00:00 UTC,89801,2199,197,97098
2016-05-14 00:00:00 UTC,88741,2236,202,98610
2016-05-15 00:00:00 UTC,91232,2451,206,102309
2016-05-16 00:00:00 UTC,91480,2571,209,107546
2016-05-17 00:00:00 UTC,90051,2351,198,98316
2016-05-18 00:00:00 UTC,89441,2259,196,99898
2016-05-19 00:00:00 UTC,88201,2159,187,100485
2016-05-20 00:00:00 UTC,89171,2192,184,100668
2016-05-21 00:00:00 UTC,88813,2162,183,101547
2016-05-22 00:00:00 UTC,86774,2330,189,96475
2016-05-23 00:00:00 UTC,84916,2233,190,99948
2016-05-24 00:00:00 UTC,89885,2243,194,101220
2016-05-25 00:00:00 UTC,87635,2376,199,101948
2016-05-26 00:00:00 UTC,88115,2396,197,93422
2016-05-27 00:00:00 UTC,87710,2178,187,96290
2016-05-28 00:00:00 UTC,87277,2076,184,94466
2016-05-29 00:00:00 UTC,84744,1918,176,99375
2016-05-30 00:00:00 UTC,81074,1910,176,96032
2016-05-31 00:00:00 UTC,82551,2178,193,103496
2016-06-01 00:00:00 UTC,88144,2344,207,99148
2016-06-02 00:00:00 UTC,83075,2173,191,98156
2016-06-03 00:00:00 UTC,82146,2461,192,94228
2016-06-04 00:00:00 UTC,83362,2400,192,93848
2016-06-05 00:00:00 UTC,84030,2377,191,96278
2016-06-06 00:00:00 UTC,85885,2487,201,96990
2016-06-07 00:00:00 UTC,89398,2529,206,107138
2016-06-08 00:00:00 UTC,88161,2520,205,99491
2016-06-09 00:00:00 UTC,90389,2702,206,99793
2016-06-10 00:00:00 UTC,88690,2561,211,105055
2016-06-11 00:00:00 UTC,87817,2698,213,102362
2016-06-12 00:00:00 UTC,89351,2844,225,101344
2016-06-13 00:00:00 UTC,89351,2850,232,100771
2016-06-14 00:00:00 UTC,89606,3042,241,104119
2016-06-15 00:00:00 UTC,92552,3434,260,108222
2016-06-16 00:00:00 UTC,94601,3412,250,108074
2016-06-17 00:00:00 UTC,92797,3208,238,105783
2016-06-18 00:00:00 UTC,95102,3117,236,104924
2016-06-19 00:00:00 UTC,94639,2995,228,106826
2016-06-20 00:00:00 UTC,93386,2874,218,104615
2016-06-21 00:00:00 UTC,97509,2891,217,115838
2016-06-22 00:00:00 UTC,92622,2920,221,110708
2016-06-23 00:00:00 UTC,91909,2638,210,107377
2016-06-24 00:00:00 UTC,92385,2587,208,102318
2016-06-25 00:00:00 UTC,95242,2591,207,108102
2016-06-26 00:00:00 UTC,90347,2430,200,99286
2016-06-27 00:00:00 UTC,90784,2203,196,97926
2016-06-28 00:00:00 UTC,88331,2247,192,96351
2016-06-29 00:00:00 UTC,86967,2181,191,95921
2016-06-30 00:00:00 UTC,86808,2087,186,93603
2016-07-01 00:00:00 UTC,83944,2071,179,97007
2016-07-02 00:00:00 UTC,84743,2162,187,93758
2016-07-03 00:00:00 UTC,82583,2057,178,90766
2016-07-04 00:00:00 UTC,76308,1816,176,85425
2016-07-05 00:00:00 UTC,80720,1952,191,89626
2016-07-06 00:00:00 UTC,80341,2085,191,89392
2016-07-07 00:00:00 UTC,80339,2520,196,88855
2016-07-08 00:00:00 UTC,81172,2668,212,89012
2016-07-09 00:00:00 UTC,83226,2725,209,92459
2016-07-10 00:00:00 UTC,80237,2743,211,90320
2016-07-11 00:00:00 UTC,81692,2595,211,91092
2016-07-12 00:00:00 UTC,80384,2432,192,86571
2016-07-13 00:00:00 UTC,79361,2663,194,85557
2016-07-14 00:00:00 UTC,82613,3025,212,91972
2016-07-15 00:00:00 UTC,81272,2865,207,91657
2016-07-16 00:00:00 UTC,81628,2499,200,90571
2016-07-17 00:00:00 UTC,80760,2469,194,92332
2016-07-18 00:00:00 UTC,80957,2445,200,89857
2016-07-19 00:00:00 UTC,81494,2467,201,92615
2016-07-20 00:00:00 UTC,84006,2554,205,91208
2016-07-21 00:00:00 UTC,79846,2528,202,87990
2016-07-22 00:00:00 UTC,80287,2488,201,88020
2016-07-23 00:00:00 UTC,79765,2416,198,83840
2016-07-24 00:00:00 UTC,79652,2394,198,88390
2016-07-25 00:00:00 UTC,80371,2554,206,88142
2016-07-26 00:00:00 UTC,79856,2162,195,88116
2016-07-27 00:00:00 UTC,80938,2098,192,87104
2016-07-28 00:00:00 UTC,67847,1966,173,81973
2016-07-29 00:00:00 UTC,68006,2089,186,78309
2016-07-30 00:00:00 UTC,64445,1980,176,73979
2016-07-31 00:00:00 UTC,65767,2209,189,75776
2016-08-01 00:00:00 UTC,70451,2433,200,83006
2016-08-02 00:00:00 UTC,73147,2374,202,81735
2016-08-03 00:00:00 UTC,70230,2479,208,79815
2016-08-04 00:00:00 UTC,70055,2452,204,77047
2016-08-05 00:00:00 UTC,70495,2362,195,78939
2016-08-06 00:00:00 UTC,69697,2259,189,80004
2016-08-07 00:00:00 UTC,71871,2349,203,81594
2016-08-08 00:00:00 UTC,72051,2489,206,80989
2016-08-09 00:00:00 UTC,76031,2502,210,82603
2016-08-10 00:00:00 UTC,74144,2547,203,81046
2016-08-11 00:00:00 UTC,72381,2559,200,77728
2016-08-12 00:00:00 UTC,73771,2507,201,80532
2016-08-13 00:00:00 UTC,71742,2390,193,75777
2016-08-14 00:00:00 UTC,69808,2293,187,78085
2016-08-15 00:00:00 UTC,70775,2332,192,80957
2016-08-16 00:00:00 UTC,69477,2393,200,79184
2016-08-17 00:00:00 UTC,70161,2448,204,78440
2016-08-18 00:00:00 UTC,69470,2452,200,74573
2016-08-19 00:00:00 UTC,69392,2398,195,76934
2016-08-20 00:00:00 UTC,69854,2328,190,77590
2016-08-21 00:00:00 UTC,70445,2364,190,78311
2016-08-22 00:00:00 UTC,69708,2494,201,76600
2016-08-23 00:00:00 UTC,69890,2626,204,74605
2016-08-24 00:00:00 UTC,68856,2403,192,72583
2016-08-25 00:00:00 UTC,66523,2233,180,71063
2016-08-26 00:00:00 UTC,62043,2429,176,70032
2016-08-27 00:00:00 UTC,64451,2950,193,70911
2016-08-28 00:00:00 UTC,68014,3020,201,75939
2016-08-29 00:00:00 UTC,67892,2906,190,76231
2016-08-30 00:00:00 UTC,65763,2853,185,73262
2016-08-31 00:00:00 UTC,68621,2873,192,76905
2016-09-01 00:00:00 UTC,66395,2864,188,72740
2016-09-02 00:00:00 UTC,66841,2781,193,73002
2016-09-03 00:00:00 UTC,66358,2833,197,72562
2016-09-04 00:00:00 UTC,68595,2845,219,75644
2016-09-05 00:00:00 UTC,71007,2899,221,75640
2016-09-06 00:00:00 UTC,68969,2792,208,73921
2016-09-07 00:00:00 UTC,69793,2933,219,75840
2016-09-08 00:00:00 UTC,70095,3032,224,76029
2016-09-09 00:00:00 UTC,69946,2970,218,77019
2016-09-10 00:00:00 UTC,69822,2926,207,75111
2016-09-11 00:00:00 UTC,69553,2727,197,76074
2016-09-12 00:00:00 UTC,68876,2736,194,74468
2016-09-13 00:00:00 UTC,69305,2739,191,76301
2016-09-14 00:00:00 UTC,68962,2770,196,74448
2016-09-15 00:00:00 UTC,68318,2744,193,71511
2016-09-16 00:00:00 UTC,67652,2701,189,71763
2016-09-17 00:00:00 UTC,67014,2713,190,70670
2016-09-18 00:00:00 UTC,67386,2896,204,71478
2016-09-19 00:00:00 UTC,67190,2945,202,71244
2016-09-20 00:00:00 UTC,67190,2688,187,71687
2016-09-21 00:00:00 UTC,63930,2231,173,69692
2016-09-22 00:00:00 UTC,59348,2294,174,66342
2016-09-23 00:00:00 UTC,59328,2194,168,64454
2016-09-24 00:00:00 UTC,60912,2249,177,66866
2016-09-25 00:00:00 UTC,62577,2328,177,70494
2016-09-26 00:00:00 UTC,61276,2422,181,70943
2016-09-27 00:00:00 UTC,60245,2424,184,67203
2016-09-28 00:00:00 UTC,61243,2498,190,69724
2016-09-29 00:00:00 UTC,60955,2641,194,69324
2016-09-30 00:00:00 UTC,60934,2554,183,65717
2016-10-01 00:00:00 UTC,59825,2591,182,64353
2016-10-02 00:00:00 UTC,59293,2518,176,65317
2016-10-03 00:00:00 UTC,61333,2594,185,69540
2016-10-04 00:00:00 UTC,59893,2672,184,68625
2016-10-05 00:00:00 UTC,61167,2988,201,69619
2016-10-06 00:00:00 UTC,61917,3021,198,72441
2016-10-07 00:00:00 UTC,60885,2819,191,72704
2016-10-08 00:00:00 UTC,62294,3183,210,71430
2016-10-09 00:00:00 UTC,63110,3409,219,70441
2016-10-10 00:00:00 UTC,63146,3226,212,69801
2016-10-11 00:00:00 UTC,61333,3060,201,68796
2016-10-12 00:00:00 UTC,61062,3171,203,68790
2016-10-13 00:00:00 UTC,61336,2739,195,67392
2016-10-14 00:00:00 UTC,60556,2712,191,65540
2016-10-15 00:00:00 UTC,60290,2540,186,62832
2016-10-16 00:00:00 UTC,60254,2379,183,66500
2016-10-17 00:00:00 UTC,59980,2634,193,67826
2016-10-18 00:00:00 UTC,59298,2586,190,66046
2016-10-19 00:00:00 UTC,52180,2417,169,61754
2016-10-20 00:00:00 UTC,54444,2632,173,64295
2016-10-21 00:00:00 UTC,52324,2496,170,58955
2016-10-22 00:00:00 UTC,54872,2814,179,64449
2016-10-23 00:00:00 UTC,58387,3118,197,67591
2016-10-24 00:00:00 UTC,55252,3260,195,63923
2016-10-25 00:00:00 UTC,54541,3555,207,63387
2016-10-26 00:00:00 UTC,58923,3733,219,64200
2016-10-27 00:00:00 UTC,55528,3369,218,66112
2016-10-28 00:00:00 UTC,56262,3378,209,65986
2016-10-29 00:00:00 UTC,56252,3113,206,63711
2016-10-31 00:00:00 UTC,59087,3480,225,68314
2016-11-01 00:00:00 UTC,58995,3655,223,64218
2016-11-02 00:00:00 UTC,59725,3777,227,66607
2016-11-03 00:00:00 UTC,59591,3659,219,67025
2016-11-04 00:00:00 UTC,59631,3608,220,64099
2016-11-05 00:00:00 UTC,60718,3660,214,67389
2016-11-06 00:00:00 UTC,60130,3517,206,66598
2016-11-07 00:00:00 UTC,59326,3244,199,67662
2016-11-08 00:00:00 UTC,59036,2887,200,65032
2016-11-09 00:00:00 UTC,59166,3213,212,65591
2016-11-10 00:00:00 UTC,60065,3367,218,68597
2016-11-11 00:00:00 UTC,58484,3356,221,66257
2016-11-12 00:00:00 UTC,59076,3424,228,65138
2016-11-13 00:00:00 UTC,59024,3546,232,66046
2016-11-14 00:00:00 UTC,59086,3625,226,65274
2016-11-15 00:00:00 UTC,59521,3821,231,67975
2016-11-16 00:00:00 UTC,59056,3626,227,66402
2016-11-17 00:00:00 UTC,58701,3464,219,69400
2016-11-18 00:00:00 UTC,58592,3199,206,64573
2016-11-19 00:00:00 UTC,58092,3006,191,63348
2016-11-20 00:00:00 UTC,57365,2947,186,67627
2016-11-21 00:00:00 UTC,56542,2930,187,67066
2016-11-22 00:00:00 UTC,56434,2806,187,65816
2016-11-23 00:00:00 UTC,53736,2383,164,58479
2016-11-24 00:00:00 UTC,51032,2339,159,59605
2016-11-25 00:00:00 UTC,50728,2481,160,58056
2016-11-26 00:00:00 UTC,51512,2549,161,59397
2016-11-27 00:00:00 UTC,51125,2622,174,59645
2016-11-28 00:00:00 UTC,52382,2728,165,62568
2016-11-29 00:00:00 UTC,50210,2788,160,57848
2016-11-30 00:00:00 UTC,51174,2789,164,57046
2016-12-01 00:00:00 UTC,51575,2925,175,58386
2016-12-02 00:00:00 UTC,51276,3024,178,60495
2016-12-03 00:00:00 UTC,51327,3339,193,61813
2016-12-04 00:00:00 UTC,54832,3517,205,61975
2016-12-05 00:00:00 UTC,53737,3459,193,60920
2016-12-06 00:00:00 UTC,52059,3265,179,60222
2016-12-07 00:00:00 UTC,50686,3258,177,60969
2016-12-08 00:00:00 UTC,50777,2985,168,60133
2016-12-09 00:00:00 UTC,50454,2814,163,58892
2016-12-10 00:00:00 UTC,50061,2830,163,57219
2016-12-11 00:00:00 UTC,50233,2840,163,56570
2016-12-12 00:00:00 UTC,50103,2757,163,58209
2016-12-13 00:00:00 UTC,50920,2635,164,60819
2016-12-14 00:00:00 UTC,50964,2672,161,57842
2016-12-15 00:00:00 UTC,46970,2229,144,53716
2016-12-16 00:00:00 UTC,43827,2274,151,53875
2016-12-17 00:00:00 UTC,48155,2396,165,53645
2016-12-18 00:00:00 UTC,49209,2510,168,53762
2016-12-19 00:00:00 UTC,49382,2537,165,56753
2016-12-20 00:00:00 UTC,47705,2542,168,54501
2016-12-21 00:00:00 UTC,48051,2513,164,59326
2016-12-22 00:00:00 UTC,49549,2669,181,56857
2016-12-23 00:00:00 UTC,50327,2638,174,56221
2016-12-24 00:00:00 UTC,49662,2539,167,54725
2016-12-25 00:00:00 UTC,48541,2623,166,53961
2016-12-26 00:00:00 UTC,49178,2836,176,59651
2016-12-27 00:00:00 UTC,49916,2951,175,55681
2016-12-28 00:00:00 UTC,50394,3002,179,59978
2016-12-29 00:00:00 UTC,53349,3483,186,63833
2016-12-30 00:00:00 UTC,56905,3703,199,68421
2016-12-31 00:00:00 UTC,55852,3879,202,64706
2017-01-01 00:00:00 UTC,54063,3803,197,58827
2017-01-02 00:00:00 UTC,51759,3303,171,59213
2017-01-03 00:00:00 UTC,51337,3595,183,61772
2017-01-04 00:00:00 UTC,52571,3898,202,60745
2017-01-05 00:00:00 UTC,52328,3544,190,60070
2017-01-06 00:00:00 UTC,53557,3669,190,59823
2017-01-07 00:00:00 UTC,52996,3370,187,59021
2017-01-08 00:00:00 UTC,52659,3164,183,58519
2017-01-09 00:00:00 UTC,51935,3166,186,57451
2017-01-10 00:00:00 UTC,51098,3336,187,60575
2017-01-11 00:00:00 UTC,51421,3370,187,59136
2017-01-12 00:00:00 UTC,51211,3552,195,57635
2017-01-13 00:00:00 UTC,51596,3404,190,58119
2017-01-14 00:00:00 UTC,51849,3049,182,59228
2017-01-15 00:00:00 UTC,51009,3000,177,58893
2017-01-16 00:00:00 UTC,51605,2912,177,59026
2017-01-17 00:00:00 UTC,50655,3017,178,58721
2017-01-18 00:00:00 UTC,52446,3841,189,61500
2017-01-19 00:00:00 UTC,52396,3918,195,62239
2017-01-20 00:00:00 UTC,53307,4325,205,61789
2017-01-21 00:00:00 UTC,51422,4520,198,58761
2017-01-22 00:00:00 UTC,52913,4518,207,59601
2017-01-23 00:00:00 UTC,51659,4162,197,59369
2017-01-24 00:00:00 UTC,51960,3817,191,57880
2017-01-25 00:00:00 UTC,51760,4020,195,59545
2017-01-26 00:00:00 UTC,51837,3946,196,59358
2017-01-27 00:00:00 UTC,52073,3911,189,59156
2017-01-28 00:00:00 UTC,52170,3768,187,59741
2017-01-29 00:00:00 UTC,53059,3752,193,60036
2017-01-30 00:00:00 UTC,52376,3538,194,59577
2017-01-31 00:00:00 UTC,52423,3403,192,58444
2017-02-01 00:00:00 UTC,52460,3124,186,57386
2017-02-02 00:00:00 UTC,51430,3078,175,58206
2017-02-03 00:00:00 UTC,51346,2657,174,57660
2017-02-04 00:00:00 UTC,51872,2829,177,57268
2017-02-05 00:00:00 UTC,51136,2622,172,57856
2017-02-06 00:00:00 UTC,49404,2722,169,54664
2017-02-07 00:00:00 UTC,49420,3199,179,56696
2017-02-08 00:00:00 UTC,49885,3406,181,57764
2017-02-09 00:00:00 UTC,50029,3453,183,55741
2017-02-10 00:00:00 UTC,49006,3347,172,57448
2017-02-11 00:00:00 UTC,48965,3993,173,54285
2017-02-12 00:00:00 UTC,49618,3946,181,58090
2017-02-13 00:00:00 UTC,49032,3680,171,55768
2017-02-14 00:00:00 UTC,50318,3997,178,59834
2017-02-15 00:00:00 UTC,50864,4657,182,59170
2017-02-16 00:00:00 UTC,49846,4575,179,57737
2017-02-17 00:00:00 UTC,49831,4890,179,55199
2017-02-18 00:00:00 UTC,49094,4676,175,55912
2017-02-19 00:00:00 UTC,50457,4942,179,58520
2017-02-20 00:00:00 UTC,49497,5046,178,56808
2017-02-21 00:00:00 UTC,49207,5256,188,57811
2017-02-22 00:00:00 UTC,48834,5265,184,52425
2017-02-23 00:00:00 UTC,49178,5186,189,55496
2017-02-24 00:00:00 UTC,49513,5586,209,57361
2017-02-25 00:00:00 UTC,49280,5592,206,57296
2017-02-26 00:00:00 UTC,49513,5275,193,57493
2017-02-27 00:00:00 UTC,50196,5591,197,56842
2017-02-28 00:00:00 UTC,49886,5605,192,55064
2017-03-01 00:00:00 UTC,49699,5766,197,53701
2017-03-02 00:00:00 UTC,50975,5839,203,56100
2017-03-03 00:00:00 UTC,50266,5992,205,59806
2017-03-04 00:00:00 UTC,50637,6095,215,61318
2017-03-05 00:00:00 UTC,50338,6140,212,56361
2017-03-06 00:00:00 UTC,50176,6265,216,56394
2017-03-07 00:00:00 UTC,49942,6105,197,58068
2017-03-08 00:00:00 UTC,50207,6109,213,58227
2017-03-09 00:00:00 UTC,49804,6054,204,57483
2017-03-10 00:00:00 UTC,50318,6218,208,55307
2017-03-11 00:00:00 UTC,51337,6539,219,58909
2017-03-12 00:00:00 UTC,50913,6526,213,56983
2017-03-13 00:00:00 UTC,51048,6517,213,57869
2017-03-14 00:00:00 UTC,50649,6730,221,57310
2017-03-15 00:00:00 UTC,50939,6556,213,59121
2017-03-16 00:00:00 UTC,50509,6231,204,57052
2017-03-17 00:00:00 UTC,50588,6193,203,60381
2017-03-18 00:00:00 UTC,50413,6652,216,60942
2017-03-19 00:00:00 UTC,56770,6964,233,70420
2017-03-23 00:00:00 UTC,51945,11685,247,58684
2017-03-24 00:00:00 UTC,50887,13673,243,53320
2017-03-25 00:00:00 UTC,50715,7076,213,58397
2017-03-26 00:00:00 UTC,53789,7418,230,67461
2017-03-27 00:00:00 UTC,51337,7509,223,58903
2017-03-28 00:00:00 UTC,50942,7420,217,57508
2017-03-29 00:00:00 UTC,50836,7273,213,57107
2017-03-30 00:00:00 UTC,50537,6841,203,56344
2017-03-31 00:00:00 UTC,49786,6181,189,52993
2017-04-01 00:00:00 UTC,50282,6128,194,58612
2017-04-02 00:00:00 UTC,51180,6266,202,58126
2017-04-03 00:00:00 UTC,52034,6375,204,60517
2017-04-04 00:00:00 UTC,50181,6183,197,57698
2017-04-05 00:00:00 UTC,49603,6289,192,55970
2017-04-06 00:00:00 UTC,50308,6539,196,55290
2017-04-07 00:00:00 UTC,50622,6644,193,56866
2017-04-08 00:00:00 UTC,50079,6688,197,54876
2017-04-09 00:00:00 UTC,50302,6422,195,56245
2017-04-10 00:00:00 UTC,50762,6473,202,59992
2017-04-11 00:00:00 UTC,51783,6838,204,59698
2017-04-12 00:00:00 UTC,50456,6631,198,58848
2017-04-13 00:00:00 UTC,50566,6619,201,58710
2017-04-14 00:00:00 UTC,50537,6964,213,56445
2017-04-15 00:00:00 UTC,51228,7144,218,59037
2017-04-16 00:00:00 UTC,51230,7238,219,58236
2017-04-17 00:00:00 UTC,51184,7016,214,58919
2017-04-18 00:00:00 UTC,50976,6924,215,57555
2017-04-19 00:00:00 UTC,50913,7289,225,59451
2017-04-20 00:00:00 UTC,51276,7120,220,55372
2017-04-21 00:00:00 UTC,50447,6593,200,58402
2017-04-22 00:00:00 UTC,50223,6831,203,54631
2017-04-23 00:00:00 UTC,50172,6893,204,56484
2017-04-24 00:00:00 UTC,49683,6605,204,57596
2017-04-25 00:00:00 UTC,49497,6841,210,57966
2017-04-26 00:00:00 UTC,49894,6760,213,56224
2017-04-27 00:00:00 UTC,49661,6683,204,57342
2017-04-28 00:00:00 UTC,50685,6943,211,57273
2017-04-29 00:00:00 UTC,51900,6965,214,59541
2017-04-30 00:00:00 UTC,50047,7380,218,55229
2017-05-01 00:00:00 UTC,50313,7686,222,55496
2017-05-02 00:00:00 UTC,50281,7754,225,58384
2017-05-03 00:00:00 UTC,50625,7804,231,57045
2017-05-04 00:00:00 UTC,50230,7145,210,53861
2017-05-05 00:00:00 UTC,50126,7252,213,55677
2017-05-06 00:00:00 UTC,49738,6856,202,52375
2017-05-07 00:00:00 UTC,49618,6522,200,53667
2017-05-08 00:00:00 UTC,48854,6090,188,53714
2017-05-09 00:00:00 UTC,48768,6081,189,52001
2017-05-10 00:00:00 UTC,49106,6029,194,52762
2017-05-11 00:00:00 UTC,49375,6027,194,55187
2017-05-12 00:00:00 UTC,49291,6155,195,54977
2017-05-13 00:00:00 UTC,48830,6061,189,55770
2017-05-14 00:00:00 UTC,48731,5467,180,53344
2017-05-15 00:00:00 UTC,49124,5472,175,55989
2017-05-16 00:00:00 UTC,48388,5455,178,55806
2017-05-17 00:00:00 UTC,49045,5751,179,54722
2017-05-18 00:00:00 UTC,48120,5692,180,52607
2017-05-19 00:00:00 UTC,48047,5602,175,51896
2017-05-20 00:00:00 UTC,48936,6156,190,54691
2017-05-21 00:00:00 UTC,49609,6676,191,56748
2017-05-22 00:00:00 UTC,50025,6704,188,55991
2017-05-23 00:00:00 UTC,49370,6531,188,55417
2017-05-24 00:00:00 UTC,50031,6381,192,56290
2017-05-25 00:00:00 UTC,49049,6045,183,52424
2017-05-26 00:00:00 UTC,47938,5861,180,50829
2017-05-27 00:00:00 UTC,48331,5850,183,52676
2017-05-28 00:00:00 UTC,49433,6645,189,52501
2017-05-29 00:00:00 UTC,48493,6511,190,51667
2017-05-30 00:00:00 UTC,48438,6553,196,51672
2017-05-31 00:00:00 UTC,48195,6725,199,52144
2017-06-01 00:00:00 UTC,48306,6848,198,52287
2017-06-02 00:00:00 UTC,48418,7116,204,51752
2017-06-03 00:00:00 UTC,48371,7073,200,52772
2017-06-04 00:00:00 UTC,48436,6845,195,53179
2017-06-05 00:00:00 UTC,48977,7194,196,53914
2017-06-06 00:00:00 UTC,48444,7341,206,50994
2017-06-07 00:00:00 UTC,48415,7360,207,51501
2017-06-08 00:00:00 UTC,49838,7097,205,54195
2017-06-09 00:00:00 UTC,49438,7289,206,54666
2017-06-10 00:00:00 UTC,48616,7415,203,50482
2017-06-11 00:00:00 UTC,48406,7081,195,50892
2017-06-12 00:00:00 UTC,47494,6272,181,51482
2017-06-13 00:00:00 UTC,46069,5863,174,51144
2017-06-14 00:00:00 UTC,45927,6766,180,51234
2017-06-15 00:00:00 UTC,46912,7122,185,52561
2017-06-16 00:00:00 UTC,46304,7368,186,52020
2017-06-17 00:00:00 UTC,46228,7740,194,51463
2017-06-18 00:00:00 UTC,48776,8118,208,55927
2017-06-19 00:00:00 UTC,47523,7778,213,53273
2017-06-20 00:00:00 UTC,47534,7284,212,51584
2017-06-21 00:00:00 UTC,47539,6992,214,49710
2017-06-22 00:00:00 UTC,47465,6813,206,49355
2017-06-23 00:00:00 UTC,46469,6562,195,50198
2017-07-11 00:00:00 UTC,44074,5970,180,50676
2017-07-12 00:00:00 UTC,43768,5883,177,49548
2017-07-13 00:00:00 UTC,43659,5600,171,48142
2017-07-14 00:00:00 UTC,42928,5377,162,48895
2017-07-15 00:00:00 UTC,43150,5318,162,49100
2017-07-16 00:00:00 UTC,43766,5336,171,50140
2017-07-17 00:00:00 UTC,42940,5304,168,48600
2017-07-18 00:00:00 UTC,42010,5207,159,48390
2017-07-19 00:00:00 UTC,40822,5798,172,47867
2017-07-20 00:00:00 UTC,40898,6096,176,48105
2017-07-21 00:00:00 UTC,41550,6411,186,49007
2017-07-22 00:00:00 UTC,42522,6626,193,50146
2017-07-23 00:00:00 UTC,41925,6531,188,49115
2017-07-24 00:00:00 UTC,41275,6292,185,48761
2017-07-25 00:00:00 UTC,40838,5710,174,47829
2017-07-26 00:00:00 UTC,41021,5370,168,47611
2017-07-27 00:00:00 UTC,39571,4861,156,41921
2017-07-28 00:00:00 UTC,38336,4960,161,42963
2017-07-29 00:00:00 UTC,38461,5589,166,44036
2017-07-30 00:00:00 UTC,39200,5478,167,43550
2017-07-31 00:00:00 UTC,40089,5619,175,43652
2017-08-01 00:00:00 UTC,40246,5875,177,45324
2017-08-02 00:00:00 UTC,39955,5595,172,42946
2017-08-03 00:00:00 UTC,40019,5702,172,45948
2017-08-04 00:00:00 UTC,40325,6171,173,44454
2017-08-05 00:00:00 UTC,44675,6932,172,49889
2017-08-06 00:00:00 UTC,41863,7409,181,49672
2017-08-07 00:00:00 UTC,45354,7997,201,49503
2017-08-08 00:00:00 UTC,43751,8018,191,50298
2017-08-09 00:00:00 UTC,42630,7945,189,50112
2017-08-10 00:00:00 UTC,42991,7951,187,48888
2017-08-11 00:00:00 UTC,42997,8639,196,49189
2017-08-12 00:00:00 UTC,42491,9239,203,49038
2017-08-13 00:00:00 UTC,42321,9254,199,46545
2017-08-14 00:00:00 UTC,42352,9102,194,49100
2017-08-15 00:00:00 UTC,42984,8506,191,49286
2017-08-16 00:00:00 UTC,42130,8609,193,48278
2017-08-17 00:00:00 UTC,41846,8281,185,47649
2017-08-18 00:00:00 UTC,41791,8186,183,48639
2017-08-19 00:00:00 UTC,41884,7918,181,47343
2017-08-20 00:00:00 UTC,42498,7884,189,47965
2017-08-21 00:00:00 UTC,41918,7741,177,48763
2017-08-22 00:00:00 UTC,41894,7885,179,47999
2017-08-23 00:00:00 UTC,41877,8306,187,47654
2017-08-24 00:00:00 UTC,43362,8583,195,49239
2017-08-25 00:00:00 UTC,43606,9098,199,48807
2017-08-26 00:00:00 UTC,42776,9239,196,48476
2017-08-27 00:00:00 UTC,42874,9098,193,48799
2017-08-28 00:00:00 UTC,43312,8188,193,49802
2017-08-29 00:00:00 UTC,43760,9006,201,49722
2017-08-30 00:00:00 UTC,45956,9823,215,50279
2017-08-31 00:00:00 UTC,47677,10101,213,50639
2017-09-01 00:00:00 UTC,46267,9608,202,50649
2017-09-02 00:00:00 UTC,43854,9380,208,50400
2017-09-03 00:00:00 UTC,46899,10127,221,51686
2017-09-04 00:00:00 UTC,47094,10933,223,51208
2017-09-05 00:00:00 UTC,47120,10977,228,51745
2017-09-06 00:00:00 UTC,47413,11224,236,51517
2017-09-07 00:00:00 UTC,47652,10895,234,51562
2017-09-08 00:00:00 UTC,47900,11576,234,50551
2017-09-09 23:00:00 UTC,47848,10476,227,51254
2017-09-10 00:00:00 UTC,48188,10515,234,51259
2017-09-11 23:00:00 UTC,48372,11761,234,51317
2017-09-12 00:00:00 UTC,49235,11765,236,53198
2017-09-14 23:54:01 UTC,48733,12015,236,53033
2017-09-15 00:09:37 UTC,48733,12015,236,53033
2017-09-16 23:53:12 UTC,49220,13893,237,58000
2017-09-17 00:06:05 UTC,49217,13867,233,58055
2017-09-17 00:18:02 UTC,49217,13867,233,58055
2017-09-17 00:27:31 UTC,49217,13863,233,57998
2017-09-17 00:42:29 UTC,49217,13863,233,57998
2017-09-17 00:52:15 UTC,49013,13839,230,58066
2017-09-17 01:02:58 UTC,49013,13839,230,58066
2017-09-17 01:15:55 UTC,49015,13860,232,58063
2017-09-17 01:28:00 UTC,49014,13859,232,58058
2017-09-17 01:37:09 UTC,49014,13859,232,58058
2017-09-17 01:52:19 UTC,49021,13857,234,58000
2017-09-17 02:02:26 UTC,49021,13857,234,58000
2017-09-17 02:13:27 UTC,49014,13851,232,58059
2017-09-17 02:26:40 UTC,49014,13851,232,58059
2017-09-17 02:38:38 UTC,49014,13846,231,50800
2017-09-17 02:46:56 UTC,49014,13846,231,50800
2017-09-17 03:12:17 UTC,49016,13847,232,51110
2017-09-17 03:22:50 UTC,49014,13836,231,51406
2017-09-17 03:34:41 UTC,50000,13840,233,53558
2017-09-17 03:48:54 UTC,50000,13840,233,53558
2017-09-17 04:01:11 UTC,49057,13839,234,51256
2017-09-17 04:09:34 UTC,49057,13839,234,51256
2017-09-17 04:25:25 UTC,49100,13835,232,51055
2017-09-17 04:35:17 UTC,49101,13836,233,51257
2017-09-17 04:46:22 UTC,49101,13836,233,51257
2017-09-17 04:59:32 UTC,49102,13834,233,50798
2017-09-17 05:10:22 UTC,49102,13834,233,50798
2017-09-17 05:19:47 UTC,49011,13791,228,50000
2017-09-17 05:36:18 UTC,49012,13792,229,50797
2017-09-17 05:46:11 UTC,49012,13792,229,50797
2017-09-17 05:57:09 UTC,49011,13781,228,50000
2017-09-17 06:10:02 UTC,49011,13781,228,50000
2017-09-17 06:22:00 UTC,49011,13755,228,50795
2017-09-17 06:30:41 UTC,49011,13755,228,50795
2017-09-17 06:46:21 UTC,49011,13748,228,50796
2017-09-17 06:56:41 UTC,49011,13701,228,50700
2017-09-17 07:07:00 UTC,49011,13701,228,50700
2017-09-17 07:20:26 UTC,49011,13699,228,50798
2017-09-17 07:32:35 UTC,49011,13699,228,50798
2017-09-17 07:40:56 UTC,49013,13717,230,50500
2017-09-17 07:56:57 UTC,49011,13695,228,53555
2017-09-17 08:06:52 UTC,49011,13695,228,53555
2017-09-17 08:17:37 UTC,49011,13688,228,53557
2017-09-17 08:31:23 UTC,49011,13688,228,53557
2017-09-17 08:43:37 UTC,49611,13704,229,57594
2017-09-17 08:52:46 UTC,49611,13704,229,57594
2017-09-17 09:07:04 UTC,49611,13696,229,57585
2017-09-17 09:16:44 UTC,49611,13696,229,57585
2017-09-17 09:29:06 UTC,49011,13658,228,57447
2017-09-17 09:43:33 UTC,49012,13653,228,50911
2017-09-17 09:55:15 UTC,49012,13653,228,50911
2017-09-17 10:03:42 UTC,49014,13698,231,57411
2017-09-17 10:19:25 UTC,49016,13686,232,55016
2017-09-17 10:28:43 UTC,49016,13686,232,55016
2017-09-17 10:40:37 UTC,49215,13707,233,57209
2017-09-17 10:54:52 UTC,49215,13707,233,57209
2017-09-17 11:05:54 UTC,49215,13724,234,54000
2017-09-17 11:14:41 UTC,49215,13724,234,54000
2017-09-17 11:30:29 UTC,49222,13760,241,53520
2017-09-17 11:40:25 UTC,49518,13749,238,56611
2017-09-17 11:52:04 UTC,49518,13749,238,56611
2017-09-17 12:05:41 UTC,49518,13727,234,56709
2017-09-17 12:17:44 UTC,49518,13727,234,56709
2017-09-17 12:26:08 UTC,50000,13740,238,56924
2017-09-17 12:42:12 UTC,49518,13725,234,56525
2017-09-17 12:52:44 UTC,49518,13725,234,56525
2017-09-17 13:03:09 UTC,49218,13734,236,56499
2017-09-17 13:17:13 UTC,49218,13734,236,56499
2017-09-17 13:29:04 UTC,49218,13730,236,56495
2017-09-17 13:38:27 UTC,49218,13730,236,56495
2017-09-17 13:53:59 UTC,49301,13737,233,56498
2017-09-17 14:03:15 UTC,49524,13723,233,55998
2017-09-17 14:14:04 UTC,49524,13723,233,55998
2017-09-17 14:27:54 UTC,49524,13733,233,53024
2017-09-17 14:41:46 UTC,49524,13733,233,53024
2017-09-17 14:50:22 UTC,49216,13704,230,55993
2017-09-17 15:04:02 UTC,49216,13704,230,55993
2017-09-17 15:14:09 UTC,49100,13683,228,53897
2017-09-17 15:25:34 UTC,49100,13683,228,53897
2017-09-17 15:39:07 UTC,49100,13667,228,53898
2017-09-17 15:51:04 UTC,49015,13659,228,53885
2017-09-17 15:59:45 UTC,49015,13659,228,53885
2017-09-17 16:16:17 UTC,49015,13620,228,53890
2017-09-17 16:27:31 UTC,49015,13620,228,53890
2017-09-17 16:39:20 UTC,49018,13642,230,53497
2017-09-17 16:52:29 UTC,49018,13640,230,53893
2017-09-17 17:03:23 UTC,49018,13640,230,53893
2017-09-17 17:12:38 UTC,49018,13633,230,52423
2017-09-17 17:29:23 UTC,49018,13633,230,52423
2017-09-17 17:39:25 UTC,49020,13631,231,51918
2017-09-17 17:50:25 UTC,49024,13926,232,51918
2017-09-17 18:04:25 UTC,49024,13926,232,51918
2017-09-17 18:17:30 UTC,49026,13908,233,52000
2017-09-17 18:27:39 UTC,49026,13908,233,52000
2017-09-17 18:44:06 UTC,49025,13894,230,51999
2017-09-17 18:54:30 UTC,49525,13865,232,51997
2017-09-17 19:04:57 UTC,49525,13865,232,51997
2017-09-17 19:19:12 UTC,49299,13843,233,51899
2017-09-17 19:31:12 UTC,49299,13843,233,51899
2017-09-17 19:40:15 UTC,49023,13825,227,51098
2017-09-17 19:56:54 UTC,49026,14124,229,51000
2017-09-17 20:07:18 UTC,49026,14124,229,51000
2017-09-17 20:18:09 UTC,49031,14167,231,50994
2017-09-17 20:31:59 UTC,49031,14167,231,50994
2017-09-17 20:44:09 UTC,49041,14119,236,51099
2017-09-17 20:53:00 UTC,49041,14119,236,51099
2017-09-17 21:07:09 UTC,49246,14119,237,51898
2017-09-17 21:16:56 UTC,49151,14133,235,55497
2017-09-17 21:29:05 UTC,49151,14133,235,55497
2017-09-17 21:42:39 UTC,49153,14132,237,55190
2017-09-17 21:55:25 UTC,49257,14081,236,55194
2017-09-17 22:04:12 UTC,49257,14081,236,55194
2017-09-17 22:20:38 UTC,49027,14058,228,55191
2017-09-17 22:30:29 UTC,49027,14058,228,55191
2017-09-17 22:41:15 UTC,49127,14054,229,55186
2017-09-17 22:54:28 UTC,49127,14054,229,55186
2017-09-17 23:05:12 UTC,49129,14062,230,54723
2017-09-17 23:15:23 UTC,49129,14062,230,54723
2017-09-17 23:30:20 UTC,49129,14051,230,49130
2017-09-17 23:39:55 UTC,49026,14038,228,55187
2017-09-17 23:51:10 UTC,49026,14038,228,55187
2017-09-18 00:04:47 UTC,49027,14056,230,55199
2017-09-18 00:16:18 UTC,49027,14056,230,55199
2017-09-18 00:25:15 UTC,49027,14044,228,56218
2017-09-18 00:40:27 UTC,49026,14034,227,56210
2017-09-18 00:50:07 UTC,49026,14034,227,56210
2017-09-18 00:59:52 UTC,49126,14033,228,55912
2017-09-18 01:13:43 UTC,49126,14033,228,55912
2017-09-18 01:26:17 UTC,49126,14064,229,56495
2017-09-18 01:35:39 UTC,49126,14064,229,56495
2017-09-18 01:52:07 UTC,49027,14074,228,55427
2017-09-18 02:02:12 UTC,49027,14056,228,55425
2017-09-18 02:14:03 UTC,49027,14056,228,55425
2017-09-18 02:27:47 UTC,49028,14050,229,55000
2017-09-18 02:39:48 UTC,49028,14050,229,55000
2017-09-18 02:49:33 UTC,49027,14045,228,54994
2017-09-18 03:16:32 UTC,49027,14037,228,55000
2017-09-18 03:28:51 UTC,49027,14022,228,55322
2017-09-18 03:40:27 UTC,49027,14022,228,55322
2017-09-18 03:53:46 UTC,49030,14022,229,56186
2017-09-18 04:06:19 UTC,49028,14017,229,56180
2017-09-18 04:15:26 UTC,49028,14017,229,56180
2017-09-18 04:32:07 UTC,49028,14015,229,56179
2017-09-18 04:42:11 UTC,49028,14015,229,56179
2017-09-18 04:53:08 UTC,49027,14013,228,52969
2017-09-18 05:07:00 UTC,49027,14015,229,52774
2017-09-18 05:18:02 UTC,49027,14015,229,52774
2017-09-18 05:27:27 UTC,49027,14023,229,51526
2017-09-18 05:43:03 UTC,49027,14023,229,51526
2017-09-18 05:52:47 UTC,49027,14020,229,51424
2017-09-18 06:04:13 UTC,49027,14020,229,51424
2017-09-18 06:18:05 UTC,49027,14017,230,52070
2017-09-18 06:30:51 UTC,49030,14016,232,52769
2017-09-18 06:39:58 UTC,49030,14016,232,52769
2017-09-18 06:56:43 UTC,49030,14011,232,52967
2017-09-18 07:07:20 UTC,49030,14011,232,52967
2017-09-18 07:17:20 UTC,49027,13994,228,52127
2017-09-18 07:31:11 UTC,49031,14031,229,52399
2017-09-18 07:43:07 UTC,49031,14031,229,52399
2017-09-18 07:51:27 UTC,49031,14022,229,52900
2017-09-18 08:06:31 UTC,49031,14022,229,52900
2017-09-18 08:15:49 UTC,49032,14016,229,56493
2017-09-18 08:26:38 UTC,49032,14016,229,56493
2017-09-18 08:39:37 UTC,49133,14012,230,56495
2017-09-18 08:51:14 UTC,49133,14012,230,56495
2017-09-18 08:59:58 UTC,49201,14009,230,56250
2017-09-18 09:12:42 UTC,49201,14009,230,56250
2017-09-18 09:23:00 UTC,49134,14003,228,56031
2017-09-18 09:34:59 UTC,49134,13977,229,56023
2017-09-18 09:49:32 UTC,49134,13977,229,56023
2017-09-18 10:02:08 UTC,49033,13946,226,56020
2017-09-18 10:11:21 UTC,49033,13946,226,56020
2017-09-18 10:27:26 UTC,49151,13949,229,56022
2017-09-18 10:37:40 UTC,49034,13948,227,52500
2017-09-18 10:49:04 UTC,49034,13948,227,52500
2017-09-18 11:02:14 UTC,49035,13943,227,55723
2017-09-18 11:13:48 UTC,49035,13943,227,55723
2017-09-18 11:23:17 UTC,49101,13954,230,55615
2017-09-18 11:39:46 UTC,49103,13960,231,52002
2017-09-18 11:48:33 UTC,49103,13960,231,52002
2017-09-18 11:59:00 UTC,49103,13960,231,52002
2017-09-18 12:13:54 UTC,49103,13944,229,51802
2017-09-18 12:25:20 UTC,49500,13951,232,55604
2017-09-18 12:34:21 UTC,49500,13951,232,55604
2017-09-18 12:49:10 UTC,49033,13932,225,55618
2017-09-18 12:59:02 UTC,49033,13932,225,55618
2017-09-18 13:09:04 UTC,49036,13955,227,55535
2017-09-18 13:22:26 UTC,49035,13933,225,56474
2017-09-18 13:34:37 UTC,49035,13933,225,56474
2017-09-18 13:43:32 UTC,49037,13929,226,55520
2017-09-18 13:59:17 UTC,49037,13929,226,55520
2017-09-18 14:09:21 UTC,49033,13920,224,55499
2017-09-18 14:20:33 UTC,49033,13920,224,55499
2017-09-18 14:33:39 UTC,50000,13923,225,55400
2017-09-18 14:45:52 UTC,50000,13909,224,56522
2017-09-18 14:54:54 UTC,50000,13909,224,56522
2017-09-18 15:08:10 UTC,50002,13917,226,56518
2017-09-18 15:18:16 UTC,50002,13917,226,56518
2017-09-18 15:29:48 UTC,50212,13923,231,56018
2017-09-18 15:43:06 UTC,50212,13923,231,56018
2017-09-18 15:54:48 UTC,50249,13915,229,56017
2017-09-18 16:03:25 UTC,50249,13915,229,56017
2017-09-18 16:20:01 UTC,50004,13920,228,55616
2017-09-18 16:30:39 UTC,49035,13904,225,52900
2017-09-18 16:41:43 UTC,49035,13904,225,52900
2017-09-18 16:54:59 UTC,49035,13902,225,56000
2017-09-18 17:05:48 UTC,49035,13902,225,56000
2017-09-18 17:14:36 UTC,49035,13881,225,55997
2017-09-18 17:30:42 UTC,49228,13915,224,56522
2017-09-18 17:40:46 UTC,49228,13915,224,56522
2017-09-18 17:52:03 UTC,49329,13915,225,56523
2017-09-18 18:05:16 UTC,49329,13915,225,56523
2017-09-18 18:16:30 UTC,49362,13917,227,50503
2017-09-18 18:25:47 UTC,49362,13917,227,50503
2017-09-18 18:41:57 UTC,49228,13903,224,50000
2017-09-18 18:52:11 UTC,49494,13895,226,50505
2017-09-18 19:02:48 UTC,49494,13895,226,50505
2017-09-18 19:15:59 UTC,49027,13868,223,52089
2017-09-18 19:28:02 UTC,49027,13868,223,52089
2017-09-18 19:38:16 UTC,49027,13843,223,56305
2017-09-18 19:54:17 UTC,49331,14350,228,56516
2017-09-18 20:03:53 UTC,49331,14350,228,56516
2017-09-18 20:15:52 UTC,49400,14356,232,56416
2017-09-18 20:29:43 UTC,49400,14356,232,56416
2017-09-18 20:42:06 UTC,49436,14583,232,55410
2017-09-18 20:50:52 UTC,49436,14583,232,55410
2017-09-18 21:04:42 UTC,49435,14559,231,55408
2017-09-18 21:14:24 UTC,49435,14559,231,55408
2017-09-18 21:25:50 UTC,49443,14565,232,54498
2017-09-18 21:39:14 UTC,49446,14581,233,55400
2017-09-18 21:50:54 UTC,49446,14581,233,55400
2017-09-18 22:00:23 UTC,49543,14581,232,55095
2017-09-18 22:16:56 UTC,49543,14581,232,55095
2017-09-18 22:26:57 UTC,50003,14584,234,55097
2017-09-18 22:38:25 UTC,50003,14584,234,55097
2017-09-18 22:51:01 UTC,49444,14568,232,55400
2017-09-18 23:02:47 UTC,49334,14520,228,55000
2017-09-18 23:11:56 UTC,49334,14520,228,55000
2017-09-18 23:27:48 UTC,49336,14526,231,54510
2017-09-18 23:37:44 UTC,49336,14526,231,54510
2017-09-18 23:50:02 UTC,49438,14539,232,54998
2017-09-19 00:03:41 UTC,49445,14539,233,54000
2017-09-20 23:52:15 UTC,50100,13881,237,55183
2017-09-21 00:02:26 UTC,50100,13881,237,55183
2017-09-22 16:16:01 UTC,49893,14357,229,52996
2017-09-25 21:15:08 UTC,48332,6431,174,49883
2017-09-26 23:58:04 UTC,42315,6061,166,45315
2017-09-27 00:12:03 UTC,42315,6061,166,45315
2017-09-28 23:51:33 UTC,42550,5064,161,48993
2017-09-29 23:58:20 UTC,43210,5201,181,47983
2017-09-30 23:58:57 UTC,41195,4875,154,49275
